idauthor,name,family_name,gender,birthday,website,member_favorites
1,Chugong,,,,,
2,"Jang, Sung-rak",,,,,
3,Disciples,,,,,
4,"Jeong, Ji-Hoon",,,,,
5,"Jo, Yongseok",,,,,
6,"Kim, Carnby",,,,,
7,"Hwang, Young-chan",,,,,
8,Plutus,,,,,
9,Spoon,,,,,
10,"Park, Jin-Hwan",,,,,
11,"Jeon, Geuk-jin",,,,,
12,sing N song,,,,,
13,Sleepy-C,,,,,
14,SIU,,,,,
15,Woogack,,,,,
16,"Hae, Min",,,,,
17,"Kim, Hye-Jin",,,,,
18,"Son, Jae-Ho",,,,,
19,Hongduck,,,,,
20,NEMONE,,,,,
21,Soonkki,,,,,
22,"Ha, Il-Kwon",,,,,
23,"Gwon, Gyeoeul",,,,,
24,SUOL,,,,,
25,Chae-eun,,,,,
26,Godago,,,,,
27,"Han, Kyoung-chal",,,,,
28,"Moon, Back-kyung",,,,,
29,"Kim, Hyunsoo",,,,,
30,SAM,,,,,
31,LICO,,,,,
32,Biga,,,,,
33,"Kim, Roah",,,,,
34,Mon,,,,,
35,Haga,,,,,
36,"Kang, Ji-young",,,,,
37,"Lee, Yunji",,,,,
38,"Go, Yeong-Hun",,,,,
39,Milcha,,,,,
40,Gorae,,,,,
41,"Lee, Hye",,,,,
42,"Lee, Gwang-Su",,,,,
43,seri,,,,,
44,Biwan,,,,,
45,"Ryu, Geum Chel",,,,,
46,Nyangi-wa Hyangsinnyo,,,,,
47,ORKA,,,,,
48,"Cho, Hyun-ah",,,,,
49,"Won, Soo-yeon",,,,,
50,Alphatart,,,,,
51,Sumpul,,,,,
52,Namsu,,,,,
53,Cosmos,,,,,
54,VAN.J,,,,,
55,Lily,,,,,
56,Sini,,,,,
57,Hyeono,,,,,
58,"Kim, Jung-Hyun",,,,,
59,"Park, Tae-Jun",,,,,
60,J. Soori,,,,,
61,Angy,,,,,
62,"Lee, Jung",,,,,
63,Kangki,,,,,
64,Currygom,,,,,
65,RAZEN,,,,,
66,Seopass,,,,,
67,"Kim, Daewoo",,,,,
68,"Woo, Sang Ho",,,,,
69,Hanjung Wolya,,,,,
70,Geumgang Bulgoe,,,,,
71,"Noh, Miyoung",,,,,
72,"Lee, Gyuntak",,,,,
73,Bill K,,,,,
74,Sinnoa,,,,,
75,Heyoon,,,,,
76,MAS,,,,,
77,Yeong-ha,,,,,
78,Bakdam,,,,,
79,Gojira-kun,,,,,
80,"Kim, Pas",,,,,
81,"Yang, Jae Hyun",,,,,
82,Kkokkalee,,,,,
83,Deuldeom,,,,,
84,Sakk,,,,,
85,"Lee, Jong-bum",,,,,
86,"Lee, Eun-Young",,,,,
87,"Im, Lina",,,,,
88,Hun,,,,,
89,Jimin,,,,,
90,YC,,,,,
91,Rakhyun,,,,,
92,Morangji,,,,,
93,Haehwa,,,,,
94,NARAK,,,,,
95,Kin,,,,,
96,Yeoreumbit,,,,,
97,Haemuri,,,,,
98,Siru,,,,,
99,Kkultarae,,,,,
100,Damcho,,,,,
101,"Lee, Dong-Gun",,,,,
102,Omyo,,,,,
103,"Na, Yun-hui",,,,,
104,"Han, Seung-Hee",,,,,
105,"Jeon, Jin-Seok",,,,,
106,Latine,,,,,
107,Ttona,,,,,
108,eon,,,,,
109,QTT,,,,,
110,"Kang, Seok Woo",,,,,
111,"Lee, Jun",,,,,
112,2L,,,,,
113,"Yu, Han-ryeo",,,,,
114,Ah Hyun,,,,,
115,"Lee, Young Hui",,,,,
116,"Cheon, Beom Sick",,,,,
117,Yuin,,,,,
118,Kidari Studio,,,,,
119,Ant Studio,,,,,
120,Sansobee,,,,,
121,"Park, So-Hee",,,,,
122,"Jung-man, CHO",,,,,
123,"Mun, Jung-Hoo",,,,,
124,"Ryu, Ki Woon",,,,,
125,"Han, Yu-Rang",,,,,
126,Maru,,,,,
127,Cho,,,,,
128,Ppongtta Mat Screw Bar,,,,,
129,Blue Canna,,,,,
130,Cheongdam,,,,,
131,"Jeon, Seonwook",,,,,
132,"Yu, Ryeo Han",,,,,
133,PAN4,,,,,
134,"Park, Saenal",,,,,
135,Team Argo,,,,,
136,"Mang, Gokim",,,,,
137,Yoteh,,,,,
138,"Choo, Hae-Yun",,,,,
139,Siya,,,,,
140,"Lee, Hyeon-Sook",,,,,
141,Yohan,,,,,
142,"Baek, Seung Hoon",,,,,
143,Meen,,,,,
144,Haribo,,,,,
145,"Kim, Cheomji",,,,,
146,Yakguk,,,,,
147,"Lee, Yeon",,,,,
148,Ken,,,,,
149,"Kim, Jea-Eun",,,,,
150,"Son, Hee-Joon",,,,,
151,"Kim, Youn-Kyung",,,,,
152,"Yoon, In-Wan",,,,,
153,"Kim, Sun-hee",,,,,
154,Pibi,,,,,
155,"Kim, Chacha",,,,,
156,Cheong-gwa,,,,,
157,"Yu, Jinsung",,,,,
158,Ihy,,,,,
159,"Im, Dal Young",,,,,
160,"Lee, Soo Hyun",,,,,
161,"Ho, Woo",,,,,
162,"Lee, Won-Sik",,,,,
163,Ggulchan,,,,,
164,"Kim, Tae-Yeon",,,,,
165,"Park, Yong-Je",,,,,
166,Bboong,,,,,
167,"Chae, Yongtaek",,,,,
168,"Han, Garam",,,,,
169,Flowbee,,,,,
170,Janggreen,,,,,
171,Ellianyang,,,,,
172,Yumyum,,,,,
173,"Jung, Pil Won",,,,,
174,"Hwang, Mi Ri",,,,,
175,"Park, Sang-Sun",,,,,
176,"Yoon, Mi-Kyung",,,,,
177,mini,,,,,
178,Jeongseo,,,,,
179,"Hwang, Dotol",,,,,
180,Wanan,,,,,
181,"Jeong, Soo Cheol",,,,,
182,"Kang, Hyung Kyu",,,,,
183,"Hong, Heesu",,,,,
184,Roal,,,,,
185,Irinbi,,,,,
186,Grrr,,,,,
187,MSG,,,,,
188,"Han, Yoonseol",,,,,
189,Seungu,,,,,
190,Eresemo,,,,,
191,"Kim, Myeongmi",,,,,
192,"Jung, Kyung-Yoon",,,,,
193,"Park, Jeongyeol",,,,,
194,Mongma,,,,,
195,"Han, Seung-Won",,,,,
196,No Heeda,,,,,
197,Eunren,,,,,
198,Seyoon,,,,,
199,Gangnengyi,,,,,
200,"Kim, Jae-Hwan",,,,,
201,"Na, In-Soo",,,,,
202,Hongpil,,,,,
203,"Sol, Leesu",,,,,
204,Poya,,,,,
205,Mayak Jelly,,,,,
206,"Kim, Jiui",,,,,
207,Ryu Hyang,,,,,
208,Heewon,,,,,
209,Yuju,,,,,
210,Banana,,,,,
211,Anngato,,,,,
212,Kara,,,,,
213,"Lee, Yun-hee",,,,,
214,Heuk Ain,,,,,
215,Ohyeon,,,,,
216,"Kim, Tac",,,,,
217,"Baek, Deoksoo",,,,,
218,Soheun,,,,,
219,"Suh, Hyun-Ju",,,,,
220,"Kim, Hee Eun",,,,,
221,"Alcott, Louisa May",,,,,
222,Wann,,,,,
223,Juder,,,,,
224,"Deo, JYU",,,,,
225,"Rhim, Ju-Yeon",,,,,
226,"Yim, Kyung-bae",,,,,
227,"Kwon, Soonkyu",,,,,
228,"Ji, Gapsong",,,,,
229,Carrot Studio,,,,,
230,"Ahn, Sung Ho",,,,,
231,woombeee,,,,,
232,jangjin,,,,,
233,"Hwang, Sook Ji",,,,,
234,Hwangje Penguin,,,,,
235,"Lee, Jewon",,,,,
236,Sadoyeon,,,,,
237,Nongnong,,,,,
238,Maslow,,,,,
239,Swing Bat,,,,,
240,Kenyam,,,,,
241,"Park, See-In",,,,,
242,"Sung, Sojak",,,,,
243,Hanirim,,,,,
244,Manggle,,,,,
245,Gyeoulip,,,,,
246,Jeokbal,,,,,
247,Willow,,,,,
248,"Kim, Young Hee",,,,,
249,"Yoon, Joon-shik",,,,,
250,"Kim, Dong-Hoon",,,,,
251,"Berry, Star",,,,,
252,Hwandaeng,,,,,
253,"Jo, Seok",,,,,
254,MiTi,,,,,
255,Gugu,,,,,
256,Zero-BIG,,,,,
257,"Jang, Cheolbyeok",,,,,
258,"Lee, Haron",,,,,
259,R Su Eopseum,,,,,
260,"Kim, Seonyu",,,,,
261,Kimyong,,,,,
262,Inkyo,,,,,
263,"Kim, Yong Seon",,,,,
264,Liaran,,,,,
265,MinJakk,,,,,
266,Ideungbyeol,,,,,
267,Dodomoon,,,,,
268,Yasik Meongneunjung,,,,,
269,Sadam,,,,,
270,"Park, Jongseok",,,,,
271,"Oh, Hyeonjun",,,,,
272,"Kim, Keum-suk",,,,,
273,"Yu, So-nan",,,,,
274,Uk-jakga,,,,,
275,HP56,,,,,
276,"Kim, Sung Min",,,,,
277,Mirchi,,,,,
278,Yamchi,,,,,
279,EErun,,,,,
280,Jade,,,,,
281,Sosori,,,,,
282,Kkulbeol,,,,,
283,Beolkkul,,,,,
284,Tikatika,,,,,
285,Yuya,,,,,
286,Wasakbasak,,,,,
287,Hermode,,,,,
288,"Lee, Na-Rae",,,,,
289,Honey Bee,,,,,
290,Dalseul,,,,,
291,via,,,,,
292,"Lee, Jeonyeok",,,,,
293,Garine,,,,,
294,Heuksujeo,,,,,
295,Midnight Studio,,,,,
296,Nakhasan,,,,,
297,"Kim, Deok-yong",,,,,
298,Dalgonyak,,,,,
299,"Oh, Seongdae",,,,,
300,"Cheong, Nagwon",,,,,
301,Lero,,,,,
302,"Kim, Sehoon",,,,,
303,"Lee, Yunchang",,,,,
304,"Go, Jin-Ho",,,,,
305,"Han, Dongwoo",,,,,
306,Baeksu Gwijok,,,,,
307,Morando,,,,,
308,Themis,,,,,
309,"Kim, Chiwoo",,,,,
310,Samchon,,,,,
311,"Shin, Ji-Sang",,,,,
312,Geo,,,,,
313,Hyeong Eun,,,,,
314,Nabi Gyegok,,,,,
315,4Player,,,,,
316,"Choi, Ari",,,,,
317,Essie,,,,,
318,Dalsaeowl,,,,,
319,Hwaeum,,,,,
320,"Lee, Sun-Young",,,,,
321,Parae,,,,,
322,"Lim, Jinguk",,,,,
323,"Jeong, Seonyul",,,,,
324,Hess,,,,,
325,"Kim, Yeong-Eun",,,,,
326,"Hwang, Seung-Man",,,,,
327,"Huh, Gook Hwa",,,,,
328,"Kim, Su-Jin",,,,,
329,"Woo, Yeong-Wook",,,,,
330,Suna,,,,,
331,"Hong, Seong-su",,,,,
332,"Im, Gang-hyeok",,,,,
333,Yongchan,,,,,
334,Undead Gamja,,,,,
335,"Jin, Soye",,,,,
336,Surreuk Comics,,,,,
337,"Kim, Tae-Hyung",,,,,
338,Gusa,,,,,
339,Sagong,,,,,
340,"Jung, Hyun-Joo",,,,,
341,Hanseo,,,,,
342,"Jeon, Dong-jo",,,,,
343,Gugit,,,,,
344,"Hong, Jac-Ga",,,,,
345,Lefaljinf,,,,,
346,Wheedrian,,,,,
347,Jonadan,,,,,
348,"Lee, Ji Hyong",,,,,
349,"Lee, Soome",,,,,
350,Samwol,,,,,
351,Yuun,,,,,
352,"Shin, Hyungwuk",,,,,
353,"Ryu, Seungyeon",,,,,
354,Byeongjang,,,,,
355,Gyogyo Park,,,,,
356,Ilhwang,,,,,
357,Gomguck,,,,,
358,MasterGin,,,,,
359,Chungnyun,,,,,
360,Sayren,,,,,
361,WAG,,,,,
362,Waroo,,,,,
363,Kwang Jin,,,,,
364,Seop-I,,,,,
365,Siyo,,,,,
366,Marubyeol,,,,,
367,Nokki,,,,,
368,AhBin,,,,,
369,Kiarne,,,,,
370,Sunset,,,,,
371,"Yeo, Roeun",,,,,
372,"Min, Jeolmi",,,,,
373,Lisabel,,,,,
374,Pina,,,,,
375,Amadoji,,,,,
376,Sasak,,,,,
377,"Hyung, Min-Woo",,,,,
378,"Son, Eun-Ho",,,,,
379,"Choi, Myung-Soo",,,,,
380,Lucks,,,,,
381,"Min, Song-A",,,,,
382,"Lee, Hana",,,,,
383,Croissant,,,,,
384,"Yang, Kyung-il",,,,,
385,"Kim, Hyung Min",,,,,
386,Akpa,,,,,
387,"Kim, Se-Young",,,,,
388,"Kim, Kang-Won",,,,,
389,"Kimi, Mi-jung",,,,,
390,Bashi,,,,,
391,Awin,,,,,
392,"Geom, Ryuhon",,,,,
393,Ozoo,,,,,
394,Ilu,,,,,
395,Moguraeng,,,,,
396,Chwiryong,,,,,
397,Does,,,,,
398,Muryu,,,,,
399,Horang,,,,,
400,Lee Eul,,,,,
401,Sanji Jiksong,,,,,
402,3B2S,,,,,
403,"Kim, Woo Hyun",,,,,
404,"Go, Eunchae",,,,,
405,Eongsseu,,,,,
406,Andaon,,,,,
407,SOON,,,,,
408,"Lee, Kang-Woo",,,,,
409,Maria,,,,,
410,"Gong, GooGoo",,,,,
411,1230,,,,,
412,Ryu Song,,,,,
413,Tess,,,,,
414,"Lee, Beomgeun",,,,,
415,Logo,,,,,
416,Oaen,,,,,
417,Toy,,,,,
418,"Jeong, Jongtaek",,,,,
419,Goda,,,,,
420,Xuann,,,,,
421,Yehwon,,,,,
422,Chunghae,,,,,
423,Choam,,,,,
424,Seochon,,,,,
425,"Ju, Siha",,,,,
426,Eunhasu,,,,,
427,Esol,,,,,
428,Lego Babasseo,,,,,
429,"Seol, Arang",,,,,
430,"Park, Sung-Woo",,,,,
431,"Ryu, Riang",,,,,
432,"Ki, Maenggi",,,,,
433,Sawol Saeng,,,,,
434,Haegi,,,,,
435,"Kim, Kyeongjun",,,,,
436,"Lee, Joowoon",,,,,
437,Taeseong,,,,,
438,Glee,,,,,
439,"Cha, Kyung Hee",,,,,
440,"Lee, So Young",,,,,
441,"Baek, Hye-Kyung",,,,,
442,"Park, Haedam",,,,,
443,Baejeup,,,,,
444,Jukseon,,,,,
445,Sancheon,,,,,
446,Altoran,,,,,
447,Upu,,,,,
448,Pogo,,,,,
449,Hoopa,,,,,
450,Geulsseunya,,,,,
451,RK Studio,,,,,
452,"Park, Min-Seo",,,,,
453,Shinweol,,,,,
454,"Da-Ham, Sa",,,,,
455,"Chon, Kye Young",,,,,
456,"Yoon, Ji Woon",,,,,
457,Ireun-kkot,,,,,
458,Yeo-seulgi,,,,,
459,"Park, Eun Hyuk",,,,,
460,"Ja, Eunhyang",,,,,
461,Kimpeul,,,,,
462,Sungeo,,,,,
463,"Kim, Young-Oh",,,,,
464,"Young, Jeon Sang",,,,,
465,New Lung,,,,,
466,Dimang,,,,,
467,Aengo,,,,,
468,"Kim, Daham",,,,,
469,Bebe,,,,,
470,Solddam,,,,,
471,Song Yi,,,,,
472,Jeong Yeon,,,,,
473,Glump,,,,,
474,"Son, Minwoo",,,,,
475,"Nam, Heesung",,,,,
476,Shin C,,,,,
477,Remin,,,,,
478,Epum,,,,,
479,Munsik,,,,,
480,Jutama,,,,,
481,Gogwang,,,,,
482,Dusi,,,,,
483,"Lee, Young-You",,,,,
484,"Park, Joong-Ki",,,,,
485,"Kim, Kwang Hyun",,,,,
486,"Do, Chan",,,,,
487,Parkgee,,,,,
488,Dongmul,,,,,
489,Morpho,,,,,
490,Webjak Toonga,,,,,
491,"Kim, Kokkiri",,,,,
492,Zion,,,,,
493,"Ju, Haeon",,,,,
494,Molko,,,,,
495,"Lee, Asong",,,,,
496,"Lee, Sun Hee",,,,,
497,"Kim, Sungjae",,,,,
498,"Kim, Byung Jin",,,,,
499,"Lee, Sang-Eun",,,,,
500,Dogado,,,,,
501,"Kim, Taegung",,,,,
502,Parnar,,,,,
503,Kkangmu,,,,,
504,Heim,,,,,
505,"Jeong, Haesol",,,,,
506,"Kim, Byung-gwan",,,,,
507,Sangyeong,,,,,
508,Chamsae,,,,,
509,Bansook,,,,,
510,Gyeoul,,,,,
511,Giryang,,,,,
512,"Park, Dongshin",,,,,
513,"Choi, Byungick",,,,,
514,Eunyeol,,,,,
515,Hwaram,,,,,
516,Soul Pung,,,,,
517,2631,,,,,
518,Taesun,,,,,
519,Dobin,,,,,
520,232,,,,,
521,"Choi, Kyung-ah",,,,,
522,"Na, Yeri",,,,,
523,"Lee, Youngran",,,,,
524,"Lee, Gi Ha",,,,,
525,"Jeon, Hye Jin",,,,,
526,Manmulsang,,,,,
527,Willbright,,,,,
528,Yooani,,,,,
529,"Song, Yeseul",,,,,
530,Yununi,,,,,
531,Taewan,,,,,
532,Rana,,,,,
533,Paragu,,,,,
534,"In, Key-young",,,,,
535,Mokgamgi,,,,,
536,"Jeong, Jun",,,,,
537,Tomassi,,,,,
538,Jina,,,,,
539,Assam,,,,,
540,sdcknight,,,,,
541,"Lee, Hakyung",,,,,
542,"Lee, Vin",,,,,
543,Clarju,,,,,
544,Heyum,,,,,
545,"Kim, Yong-ki",,,,,
546,"Park, Subong",,,,,
547,Sejung,,,,,
548,Index,,,,,
549,Sehon,,,,,
550,JerryM,,,,,
551,Silsil,,,,,
552,Ppang Meongneunda Ramjwi,,,,,
553,DJ Gongnyong,,,,,
554,"Eun, Soro",,,,,
555,Team Happy Gery,,,,,
556,"Park, Jin-Jun",,,,,
557,"Kim, Yeon-Joo",,,,,
558,Geunseo,,,,,
559,Mingsung,,,,,
560,ZI.O,,,,,
561,Niccolo,,,,,
562,Plan A,,,,,
563,Si-ion,,,,,
564,ilye,,,,,
565,Gangaji Master,,,,,
566,"Park, Kyun-Ran",,,,,
567,"Lee, Shi Young",,,,,
568,"Seo, Moon Da Mi",,,,,
569,"Gui, Yeoni",,,,,
570,"Lee, Kyung-ha",,,,,
571,"Park, Eun Ah",,,,,
572,"Song, Rae-hyeon",,,,,
573,Fupin,,,,,
574,Eunji,,,,,
575,"Chae, Rangbi",,,,,
576,"Kim, Injeong",,,,,
577,Munirang,,,,,
578,Nu,,,,,
579,Buffering,,,,,
580,"Gil, Seonggeun",,,,,
581,"Woo, Soo Jung",,,,,
582,An-gyeong Wonsung-i,,,,,
583,Sanho,,,,,
584,Haneul Garigi,,,,,
585,Narae,,,,,
586,GaVinGe,,,,,
587,"Park, Jeongjae",,,,,
588,Silvestar,,,,,
589,"Park, Hanna",,,,,
590,Silva,,,,,
591,Kkanaria,,,,,
592,Kakon,,,,,
593,Ramgeul,,,,,
594,"Lee, Huin",,,,,
595,Awon,,,,,
596,Ganjjajang,,,,,
597,Oribori,,,,,
598,Dana,,,,,
599,Laqua,,,,,
600,"Jeong, Yungang",,,,,
601,Nep,,,,,
602,"Paek, Jeong Won",,,,,
603,"Ha, Sung-Hyun",,,,,
604,"Kim, Dong Hwa",,,,,
605,South Ant,,,,,
606,Gonarija,,,,,
607,Sujeong,,,,,
608,"Kim, Jimmy",,,,,
609,Ansi,,,,,
610,Ihak,,,,,
611,"Kim, Yangsoo",,,,,
612,Hongsil,,,,,
613,Jipery,,,,,
614,Pasa,,,,,
615,Hwabong,,,,,
616,Taru,,,,,
617,"Cha, Sohee",,,,,
618,Chara,,,,,
619,Jooreong,,,,,
620,Haetae,,,,,
621,Punch Kick,,,,,
622,"Uhm, Jung-Hyun",,,,,
623,"Hyun, You",,,,,
624,Digeut,,,,,
625,"Kim, Juin",,,,,
626,Park Tae-jun Manhwa Hoesa,,,,,
627,"Choi, Hyun-woo",,,,,
628,Gogi Sanjeok,,,,,
629,Team Pegasus,,,,,
630,Maru Gongbang,,,,,
631,Rina,,,,,
632,"Im, Hae Yeon",,,,,
633,Team Getname,,,,,
634,"Kim, Jihyo",,,,,
635,"Park, Suhlah",,,,,
636,"Kwon, Yeul Hee",,,,,
637,Vanziun,,,,,
638,"Sung, Hyerim",,,,,
639,Ink.,,,,,
640,"Lee, Jiha",,,,,
641,"Cho, Hyunyoung",,,,,
642,"Kim, Youngji",,,,,
643,Ryuta,,,,,
644,Rosiwon,,,,,
645,"Song, Jaemin",,,,,
646,Ongoo,,,,,
647,Dai,,,,,
648,Gald,,,,,
649,Rooty House,,,,,
650,"Yang, Yeo-Jin",,,,,
651,"Han, Hyun-Dong",,,,,
652,"Kim, Hyun",,,,,
653,"Chae, Habin",,,,,
654,"Lee, Suho",,,,,
655,D-Dart,,,,,
656,Manhwa Insaeng,,,,,
657,Jwittong Saettong,,,,,
658,Koonac,,,,,
659,Hyeseong,,,,,
660,"Lee, Sukjae",,,,,
661,Sparkler,,,,,
662,"Lee, Soonki",,,,,
663,Ddogak,,,,,
664,Inui,,,,,
665,Goya,,,,,
666,Senior,,,,,
667,Yeonggwang,,,,,
668,Grimzo,,,,,
669,"Kim, Yunkyeong",,,,,
670,Yeoul,,,,,
671,Bandalbanji,,,,,
672,Eddie,,,,,
673,eclair,,,,,
674,Hayeon,,,,,
675,Woollee,,,,,
676,Muro,,,,,
677,Queensa,,,,,
678,Ppyong,,,,,
679,"Kim, Ji Man",,,,,
680,"Lee, Jung Ah",,,,,
681,SipPark,,,,,
682,Wonderdream,,,,,
683,Dorae,,,,,
684,"Kwak, Nana",,,,,
685,"Seol, Dong-won",,,,,
686,"Kim, Suji",,,,,
687,Dongjeon,,,,,
688,Hanryui,,,,,
689,Portofino,,,,,
690,"Sin, Yuseong",,,,,
691,Denpi,,,,,
692,Meona,,,,,
693,"Rue, Byung-min",,,,,
694,"Park, Hyung-Jun",,,,,
695,"Park, Kyoung-Lan",,,,,
696,"Back, Sang-Eun",,,,,
697,"Lee, Mira",,,,,
698,"Kang, Kyungok",,,,,
699,Yu-iran,,,,,
700,Jagae,,,,,
701,"Lee, Haenal",,,,,
702,"Seon, Yong-min",,,,,
703,Flada,,,,,
704,Jaerim,,,,,
705,Tenichi,,,,,
706,SORAJIMA Studio,,,,,
707,"Ryu, Heon",,,,,
708,Chira,,,,,
709,"Kim, Yong-Hwan",,,,,
710,Massstar,,,,,
711,911,,,,,
712,Jeongha,,,,,
713,"Ro, Yu-jin",,,,,
714,Heeng,,,,,
715,"Lee, Yeonseon",,,,,
716,Ssal,,,,,
717,"Lee, Yoon-Kyoon",,,,,
718,"Lee, Jehwan",,,,,
719,"Hae, E.",,,,,
720,"Lee, Gpiee",,,,,
721,Soru,,,,,
722,Narack,,,,,
723,Fungback,,,,,
724,Palmeiro,,,,,
725,Hwangyang,,,,,
726,Sop,,,,,
727,Jo-seonsaengnim,,,,,
728,Studio Inus,,,,,
729,"Hong, Jeonghoon",,,,,
730,Zakhaev,,,,,
731,"Lee, Kyewon",,,,,
732,Maginot Seon,,,,,
733,Hongseul,,,,,
734,"Cho, Hyung Geun",,,,,
735,Gwanghwi,,,,,
736,"Kim, Kyusam",,,,,
737,Guncheong Jundan,,,,,
738,"Han, Soyoung",,,,,
739,Myosu,,,,,
740,Rough,,,,,
741,"Son, Chang-ho",,,,,
742,"Shin-jeong-min, Ahn",,,,,
743,"Park, In Seo",,,,,
744,"Choi, Sang",,,,,
745,Oryu,,,,,
746,"Han, Mint",,,,,
747,Peachberry,,,,,
748,Got-nyeo,,,,,
749,Jocobong,,,,,
750,Mujang,,,,,
751,"Shin, Inseong",,,,,
752,Boniee,,,,,
753,"Seo, Hye-eun",,,,,
754,Dindon,,,,,
755,"Song, Geukjang",,,,,
756,"Chae, Yuhwa",,,,,
757,Gyeoulhae,,,,,
758,Aivan,,,,,
759,"Yoo, Ha Jin",,,,,
760,"Lee, Jong-Eun",,,,,
761,"Lee, Jong-Kyu",,,,,
762,"Park, Chul-Ho",,,,,
763,Jungyeon,,,,,
764,Harara,,,,,
765,Oichyu,,,,,
766,Ratshu,,,,,
767,Munmyeongin,,,,,
768,"Kim, Pyeongbeom",,,,,
769,"Lee, Sangkyung",,,,,
770,"Yoon, Jae Ho",,,,,
771,"Yoo, Jetae",,,,,
772,"Lee, Myung-Jin",,,,,
773,"Hansan, Leega",,,,,
774,"Hong, Bichi-ra",,,,,
775,Hariheen,,,,,
776,Susaegyeongjang,,,,,
777,Gusigi,,,,,
778,Sengae,,,,,
779,"Seo, Eun-Jin",,,,,
780,Dandi,,,,,
781,Sodapie,,,,,
782,"Ryueun, Garam",,,,,
783,Gyong,,,,,
784,Yulji,,,,,
785,Sunjinmugu,,,,,
786,"Kim, Eunjeong",,,,,
787,Binu,,,,,
788,Harnenn,,,,,
789,Seobo,,,,,
790,Itbaem,,,,,
791,Ildeung Bokgwon,,,,,
792,"Lee, Inhye",,,,,
793,Kio,,,,,
794,Meoyeon,,,,,
795,Togi,,,,,
796,Seoli,,,,,
797,Team Seoli,,,,,
798,Yunbaekrim,,,,,
799,Leaf,,,,,
800,Junnye,,,,,
801,Hwinangsie,,,,,
802,"Yoon, Seung-Ki",,,,,
803,"Byung Jun, Byun",,,,,
804,"Oh, Se Kwon",,,,,
805,Pluto,,,,,
806,Gwang-un,,,,,
807,Jeollae Donghwa,,,,,
808,Jijeomjang,,,,,
809,"Kim, Dong-jun",,,,,
810,Jaya,,,,,
811,Neida,,,,,
812,Min,,,,,
813,Merin,,,,,
814,"Jin, Seongyu",,,,,
815,Ante,,,,,
816,Sseona,,,,,
817,"Jo, Jinhaeng",,,,,
818,Saint Nine,,,,,
819,Sirial,,,,,
820,"Yoo, Jinha",,,,,
821,"Ko, Ya Seong",,,,,
822,"Kim, Subak",,,,,
823,Kan,,,,,
824,"Dae, Eunho",,,,,
825,"Jeon, Madu",,,,,
826,Tapseung,,,,,
827,Hwasom,,,,,
828,Chouchou,,,,,
829,Capu,,,,,
830,Geuljaengi S,,,,,
831,Ronopu,,,,,
832,God Ttingjak,,,,,
833,Deany,,,,,
834,Mir,,,,,
835,Saha,,,,,
836,Dol-dae,,,,,
837,"Jo, Joo-Hee",,,,,
838,Jaehwalyong,,,,,
839,"Song, Ji-Hyung",,,,,
840,Yusoy,,,,,
841,Melting,,,,,
842,"Lee, Eunjung",,,,,
843,"Go, Sunyoung",,,,,
844,"Han, Jihye",,,,,
845,Pop,,,,,
846,Honyo,,,,,
847,Chae3,,,,,
848,Sulpurenamu,,,,,
849,Ijeong,,,,,
850,Yunsul,,,,,
851,Mwagwa,,,,,
852,"Park, So",,,,,
853,"Lee, Eun",,,,,
854,"Ghun, Oh Rhe Bar",,,,,
855,Carnel,,,,,
856,"Kim, Dazzi",,,,,
857,EDDiERiNG,,,,,
858,Ssangpil,,,,,
859,Ppayong,,,,,
860,Warluck,,,,,
861,"Cheon, Jinhui",,,,,
862,Seonun,,,,,
863,2 Sarang,,,,,
864,Geulgeunyuk,,,,,
865,Choegom,,,,,
866,Bangguseok Kim-ssi,,,,,
867,Nimni,,,,,
868,"Lee, Hansung",,,,,
869,Harvey,,,,,
870,Rasne,,,,,
871,"Han, Sungwoo",,,,,
872,"Cha, Seojin",,,,,
873,Taegong,,,,,
874,"Park, Kyungwon",,,,,
875,Team Pove,,,,,
876,"Kang, Jae-Sin",,,,,
877,"Kim, Jung Ryul",,,,,
878,"Na, You",,,,,
879,"Yeon, Doo",,,,,
880,"Kim, Ye Vin",,,,,
881,Choonae,,,,,
882,Fujoking,,,,,
883,"Lee, Jaa",,,,,
884,Ggory,,,,,
885,Songmin,,,,,
886,Basak,,,,,
887,Yunajin,,,,,
888,Ollcha,,,,,
889,Mongsik,,,,,
890,Opal,,,,,
891,"Kang, Eun Young",,,,,
892,"Kim, Yun-Jung",,,,,
893,Gandara,,,,,
894,"Imae, Daiki",,,,,
895,Decaspell,,,,,
896,Miro,,,,,
897,"Lee, Subaek",,,,,
898,Glpi,,,,,
899,"Lim, Seorim",,,,,
900,"Jeong, Halim",,,,,
901,"Kim, Yeonwoo",,,,,
902,Gaebyeok S,,,,,
903,Modain,,,,,
904,Yangyang,,,,,
905,Peach Pie,,,,,
906,"Seo, Gyeol",,,,,
907,Clover,,,,,
908,Saram Sallyeo.,,,,,
909,Jeoncheon Huma Geomsa,,,,,
910,Ran,,,,,
911,Reck,,,,,
912,Olso,,,,,
913,Gold Kiwi Sae,,,,,
914,Neokbujadeul,,,,,
915,"Lee, Sunee",,,,,
916,Seokyeong,,,,,
917,Pang-e,,,,,
918,"Park, Young Ha",,,,,
919,Angmakkori,,,,,
920,Yudo,,,,,
921,"Kim, Jaehan",,,,,
922,Hayul,,,,,
923,Kinlip,,,,,
924,Mackenro,,,,,
925,Crew Eastwood,,,,,
926,Vanilla,,,,,
927,"Yoon, Hawol",,,,,
928,TK,,,,,
929,Matcha Vienna,,,,,
930,Sugle,,,,,
931,codezero,,,,,
932,Molli,,,,,
933,Haejin,,,,,
934,"Jung, Eun Soo",,,,,
935,YongYong,,,,,
936,"Ha, Yaeji",,,,,
937,Cheomji,,,,,
938,"Soo, Yuhyeon",,,,,
939,Arlg,,,,,
940,Royal B,,,,,
941,Gaeul,,,,,
942,"Ahn, Jonghyuk",,,,,
943,Purple Lemon,,,,,
944,Debin,,,,,
945,Rikodaram,,,,,
946,"Bae, Hanul",,,,,
947,jd,,,,,
948,Cheongsong,,,,,
949,"Ji, Baekho",,,,,
950,"Lee, Bona",,,,,
951,"Jeong, Dageum",,,,,
952,Yungun,,,,,
953,Gunmandu Meokja,,,,,
954,Yato,,,,,
955,Chaegun,,,,,
956,"Yeo, Beop-Ryong",,,,,
957,"Park, Hui-Jin",,,,,
958,"Kwon, Gyo-jung",,,,,
959,Roseong,,,,,
960,Daul,,,,,
961,Ttosok-eun Naengjuk,,,,,
962,Kitaeon,,,,,
963,Yumjjakjjak,,,,,
964,Jaha,,,,,
965,Steak,,,,,
966,Norae,,,,,
967,Seolyoung,,,,,
968,Neogulhi,,,,,
969,K,,,,,
970,"Yeo, Ho Kyoung",,,,,
971,"Lee, Ji Gun",,,,,
972,"Son, Chang-eun",,,,,
973,Yamesi,,,,,
974,Creative Hon,,,,,
975,"Kwon, Yong-Wan",,,,,
976,"Kang, Kyung-nam",,,,,
977,Bol x Bae,,,,,
978,Mokhyun,,,,,
979,Trouvere,,,,,
980,"Chen, Li",,,,,
981,"Chae, Jihoo",,,,,
982,Poddo,,,,,
983,Pomme,,,,,
984,"Yu, Jaebeom",,,,,
985,"Lee, Jae-Heon",,,,,
986,"Hong, Ki-Woo",,,,,
987,"Im, Ae-Joo",,,,,
988,Bulsa,,,,,
989,Yomgary,,,,,
990,"Lee, Kong-joo",,,,,
991,Hayan Doksuri,,,,,
992,"Jo, Yujin",,,,,
993,Homil,,,,,
994,"Bae, Jin-Soo",,,,,
995,Maanchwee,,,,,
996,Bareunkkot,,,,,
997,"Kim, Tilda",,,,,
998,"Lee, Sorok",,,,,
999,Dalbeat,,,,,
1000,Goilgoil,,,,,
1001,"Im, Jin-Joo",,,,,
1002,"Lee, Won-Jin",,,,,
1003,"Oh, Ji-hye",,,,,
1004,Rino,,,,,
1005,Dubu,,,,,
1006,"Choi, MJ",,,,,
1007,"Hwang, Junho",,,,,
1008,Dalbong,,,,,
1009,Team Twinkle,,,,,
1010,"Lee, Jihye",,,,,
1011,Pongpong,,,,,
1012,Rundgreen,,,,,
1013,"Lee, Masik",,,,,
1014,Gom Mali,,,,,
1015,Yeongbin,,,,,
1016,Honghye,,,,,
1017,"Han, Kijoo",,,,,
1018,Il,,,,,
1019,Lysha,,,,,
1020,Paya,,,,,
1021,Jiya,,,,,
1022,Haram,,,,,
1023,"So, Na-eum",,,,,
1024,DEY,,,,,
1025,Nye,,,,,
1026,Hanbit Nuri,,,,,
1027,Muljanggu,,,,,
1028,Myoung Rang,,,,,
1029,Zetson,,,,,
1030,Ryu,,,,,
1031,IF,,,,,
1032,Harasyo,,,,,
1033,Yeoneo,,,,,
1034,Kimoong,,,,,
1035,Racking,,,,,
1036,Ssalguksu,,,,,
1037,Cheddar,,,,,
1038,TI,,,,,
1039,Dupachitapa,,,,,
1040,Kkyujeanne,,,,,
1041,Dongju,,,,,
1042,kamille,,,,,
1043,Bichu,,,,,
1044,"Shin, Gunwoo",,,,,
1045,Siyun,,,,,
1046,Studio Maru,,,,,
1047,Bam-manyeo,,,,,
1048,"Na, Yoohye",,,,,
1049,"Jeong, Ina",,,,,
1050,"Lee, Chang Jun",,,,,
1051,"Ok, Sae Rom",,,,,
1052,"Park, Mingyu",,,,,
1053,Coge,,,,,
1054,Cooara,,,,,
1055,Haenok,,,,,
1056,Eonjeongi,,,,,
1057,Juyeon,,,,,
1058,Shinmae,,,,,
1059,"Lee, Bora",,,,,
1060,Ocean,,,,,
1061,Hyedori,,,,,
1062,Kyeol Jeong,,,,,
1063,Minato,,,,,
1064,Velma,,,,,
1065,Nagyeom,,,,,
1066,"Kim, Sungnyung",,,,,
1067,Gwangsan,,,,,
1068,Toy Car,,,,,
1069,Studio Zilpung,,,,,
1070,"Tetsubi, Meguri",,,,,
1071,"Nagasaki, Takashi",,,,,
1072,"Lee, Sang Cheol",,,,,
1073,"Kim, Kyung Yeol",,,,,
1074,"Yun, Hyunseok",,,,,
1075,"Kang, E-Jin",,,,,
1076,"Kim, So Hee",,,,,
1077,meriG,,,,,
1078,"Yeon, Sang-ho",,,,,
1079,"Choi, Gyu-seok",,,,,
1080,Koer,,,,,
1081,Parand,,,,,
1082,QuornQuorn,,,,,
1083,Matte,,,,,
1084,"Yong, Hyeondong",,,,,
1085,"Han, Bada",,,,,
1086,Challan,,,,,
1087,"Kim, Inho",,,,,
1088,Syungnyung,,,,,
1089,Sand Fairy,,,,,
1090,Yunon,,,,,
1091,Iring,,,,,
1092,"Seo, Hyun-Joo",,,,,
1093,Team Manna,,,,,
1094,"Joo, Dong-geun",,,,,
1095,Na,,,,,
1096,Byulsatangyang,,,,,
1097,Saryong,,,,,
1098,Yojeongyong,,,,,
1099,Team Jukjogae,,,,,
1100,Jinse-ha,,,,,
1101,"Han, Jinseo",,,,,
1102,Sungeun,,,,,
1103,Corgibear,,,,,
1104,Hongchi,,,,,
1105,"Han, Soo-young",,,,,
1106,"Lee, Do-kyung",,,,,
1107,"Lee, Kangryeol",,,,,
1108,Daon Webtoon Studio,,,,,
1109,"Sook, Ji Hwang",,,,,
1110,Byutt,,,,,
1111,Michii,,,,,
1112,Gongyi,,,,,
1113,"Kim, Moonkyoung",,,,,
1114,"Yeon, Woosol",,,,,
1115,"Kim, Muhyeon",,,,,
1116,JRobin,,,,,
1117,Gaetteok,,,,,
1118,Yehaseong,,,,,
1119,Nn,,,,,
1120,Anamin,,,,,
1121,Uri,,,,,
1122,"Nam, Young-Eu",,,,,
1123,"Min, Jung Ko",,,,,
1124,"Yeon, Young-Hee",,,,,
1125,"Kim, Ju-Ri",,,,,
1126,"Ha, Yuhn",,,,,
1127,"Jung, Jae-Rahn",,,,,
1128,Bammanju,,,,,
1129,Friedrich,,,,,
1130,Gongdeuntap,,,,,
1131,Ppungppa,,,,,
1132,Yeowoo,,,,,
1133,Sadu,,,,,
1134,"Oh, Yunha",,,,,
1135,Josala,,,,,
1136,Yurisomsatang,,,,,
1137,Seori,,,,,
1138,Hwanggeum Bidulgi,,,,,
1139,Ohcomic,,,,,
1140,"Park, Hee Jung",,,,,
1141,Nemga,,,,,
1142,"Gi, Song",,,,,
1143,"Park, Taeseok",,,,,
1144,Bingbinggo,,,,,
1145,Taruvi,,,,,
