peringkat,nama_akun_pengunjung,asal_pengunjung,rating_pengunjung,waktu_berkunjung,tipe_kunjungan,sorotan_pengunjung
1,Sare B,Bandung,5.0,Feb 2021,
1,April Kinana,Padang,4.0,Nov 2019,Teman
1,evi d,Pekanbaru,4.0,Des 2019,Keluarga
1,Ari Wirajaya,Denpasar,5.0,Okt 2019,Teman
1,anak rantau,Banda Aceh,5.0,Mei 2019,Keluarga
1,Alfar,Tangerang,4.0,Apr 2019,Keluarga
1,Grasella,Medan,5.0,Apr 2018,Keluarga
1,Banissalam,Palembang,5.0,Mar 2019,Bisnis
1,Yoga Efendi (Tour Guide),Yogyakarta,5.0,Jan 2019,Sendiri
1,Pramono,,4.0,Des 2018,Keluarga
2,Fahdi,Jakarta,5.0,Jan 2023,Pasangan
2,Ade Mirwan,Pekanbaru,5.0,Mar 2021,Keluarga
2,April Kinana,Padang,5.0,Jan 2020,Keluarga
2,Dyandra66,Bandung,5.0,Mar 2020,Pasangan
2,anida krisstini,Padang,5.0,Nov 2019,Teman
2,M Richan,Padang,5.0,Jan 2020,Teman
2,Duan,Padang,5.0,Nov 2019,Teman
2,Ken Aditya,Padang,5.0,Nov 2019,Pasangan
2,aint marssy,Jakarta,5.0,Okt 2019,Bisnis
2,Mustakim Dr,Makassar,5.0,Okt 2019,
3,Fahdi,Jakarta,5.0,Jan 2023,Pasangan
3,Dina,,5.0,Jun 2022,
3,rahmi,,4.0,Des 2019,
3,Forza,Padang,5.0,Des 2019,
3,monika,,4.0,Agt 2019,Teman
3,tHea_Mario,Pangkal Pinang,5.0,Des 2019,Bisnis
3,Ari Wirajaya,Denpasar,3.0,Okt 2019,Teman
3,putriariani,,4.0,Jul 2019,Keluarga
3,putriamarisa,,3.0,Okt 2019,Keluarga
3,BangNess,,3.0,Des 2018,
4,Haryono,Pekanbaru,5.0,Jan 2023,Keluarga
4,Sare B,Bandung,5.0,Feb 2021,
4,prisil a,Jakarta,5.0,Des 2019,
4,Sefanya travel,Padang,5.0,Nov 2019,Bisnis
4,yudhi k,Padang,5.0,Agt 2019,Teman
4,jack_parwanto,Jakarta,4.0,Jun 2019,Bisnis
4,Alfar,Tangerang,5.0,Apr 2019,Keluarga
4,Devwanto Dariel Nugroho,Bandung,5.0,Jun 2018,
4,sabrina_ho88,Padang,5.0,Feb 2019,Teman
4,Indryechania,Payakumbuh,5.0,Feb 2019,Keluarga
5,Forza,Padang,4.0,Nov 2019,
5,Zainalabidin,Jakarta,4.0,Sep 2019,Keluarga
5,anak rantau,Banda Aceh,5.0,Jun 2018,Bisnis
5,asman a,,5.0,Okt 2018,Teman
5,Antohokkeh,,4.0,Agt 2018,Teman
5,kk_funky,Jakarta,4.0,Des 2017,Sendiri
5,zain5urvey,Sentani,5.0,Jan 2017,Pasangan
5,Ewi D,Pekanbaru,4.0,Okt 2017,Bisnis
5,aferio y,,4.0,Agt 2016,
5,Deecy lauw,,5.0,Des 2016,
6,Forza,Padang,5.0,Agt 2019,
6,iwanskomari,Jakarta,4.0,Nov 2019,Teman
6,Ahmad Fauzan,Padang Pariaman,4.0,Apr 2019,Pasangan
6,Rizky A,Jakarta,4.0,Mar 2019,Pasangan
6,Indri87,,5.0,Mei 2019,Keluarga
6,anak rantau,Banda Aceh,5.0,Jun 2018,Keluarga
6,roby,,4.0,Mei 2019,Keluarga
6,Alfar,Tangerang,4.0,Apr 2019,Keluarga
6,sabrina_ho88,Padang,5.0,Des 2018,Teman
6,mr. ari,Pekanbaru,4.0,Feb 2019,Keluarga
7,Nanda,,5.0,Mei 2022,Pasangan
7,Ahmad Fauzan,Padang Pariaman,4.0,Jan 2019,Pasangan
7,Banissalam,Palembang,5.0,Apr 2019,Bisnis
7,rifa'atul K,Agam,4.0,Mar 2018,Teman
7,hendysuherman86,Jakarta,4.0,Des 2018,Keluarga
7,fery79,Palu,4.0,Jan 2019,Keluarga
7,Dhany Alfaruq,Bukittinggi,4.0,Jan 2018,Keluarga
7,vella ovelia,,5.0,Okt 2018,Teman
7,aefer,,5.0,Agt 2018,Teman
7,pahlevi p,,5.0,Sep 2018,Keluarga
8,Haryono,Pekanbaru,4.0,Jan 2023,Keluarga
8,Alfar,Tangerang,5.0,Apr 2019,Keluarga
8,Devwanto Dariel Nugroho,Bandung,5.0,Jun 2018,Keluarga
8,Sefanya travel,Padang,5.0,Feb 2018,Keluarga
8,Agusti Esden,Tangerang Selatan,4.0,Sep 2018,Keluarga
8,dendyfebdwiyana,Bandung,5.0,Nov 2018,Bisnis
8,Elfindra Aswin,Jakarta,4.0,Okt 2018,
8,alnurdin,Jakarta,4.0,Feb 2018,Keluarga
8,Dilla R,,5.0,Agt 2017,Keluarga
8,Bendriwijaya,,4.0,Jun 2018,Keluarga
9,Yurisystem,,5.0,Jun 2021,Sendiri
9,Frenji,Padang,5.0,Nov 2019,Teman
9,Ahmad Fauzan,Padang Pariaman,4.0,Des 2018,Pasangan
9,Agung Suria Darma,Sentul,5.0,Agt 2019,Bisnis
9,Djoko Roemantio,,5.0,Jul 2019,Teman
9,anak rantau,Banda Aceh,5.0,Mei 2019,Teman
9,Fikri mufadhdhal,Jambi,5.0,Jan 2019,Teman
9,rumahambacang,,5.0,Des 2017,Bisnis
9,NurJane11,,5.0,Mar 2017,
9,Kadarmanto B,Jakarta,4.0,Jul 2017,Keluarga
10,Kapatoman_Cafe,Bukittinggi,5.0,Sep 2020,Keluarga
10,Chiquita P,,5.0,Jul 2019,Teman
10,Valiant Vemby,Bukittinggi,4.0,Mar 2019,Sendiri
10,anak rantau,Banda Aceh,5.0,Mei 2019,Keluarga
10,Alfar,Tangerang,5.0,Apr 2019,Keluarga
10,differensiasi,Medan,5.0,Nov 2018,Teman
10,Dhany Alfaruq,Bukittinggi,5.0,Des 2018,Keluarga
10,Wihartanto,Tangerang Selatan,4.0,Okt 2017,Teman
10,an_victor,Jakarta,4.0,Agt 2018,Keluarga
11,Dina,,5.0,Jun 2022,
11,yudhi k,Padang,5.0,Feb 2020,Sendiri
11,rahmi,,4.0,Okt 2019,
11,Muhammad ardi,Palembang,5.0,Okt 2019,Sendiri
11,Forza,Padang,5.0,Agt 2019,
11,iwanskomari,Jakarta,4.0,Nov 2019,
11,rvsdi,Padang,5.0,Okt 2019,Sendiri
11,Halid T,Jakarta,5.0,Okt 2019,
11,dendyfebdwiyana,Bandung,5.0,Nov 2018,Bisnis
11,Rizky A,Jakarta,5.0,Mar 2019,Pasangan
12,Forza,Padang,5.0,Mar 2020,
12,Ken Aditya,Padang,5.0,Nov 2019,Keluarga
12,Ahmad Fauzan,Padang Pariaman,4.0,Des 2018,Pasangan
12,Erik_Ariyanto,Kalimantan Barat,4.0,Jun 2019,Keluarga
12,Denni Risman,Pekanbaru,5.0,Jun 2019,Keluarga
12,ate75,Pekanbaru,5.0,Feb 2019,Keluarga
12,Antohokkeh,,5.0,Sep 2018,Teman
12,chuiichigo,Jakarta,5.0,Sep 2018,Teman
12,MaulidaSaktia,Padang,5.0,Mar 2018,Pasangan
12,hotelfoodreviewindonesia,,5.0,Agt 2018,Keluarga
13,April Kinana,Padang,4.0,Sep 2020,Keluarga
13,Mom wafiy,,3.0,Sep 2019,
13,aint marssy,Jakarta,4.0,Okt 2019,Bisnis
13,Mustakim Dr,Makassar,4.0,Okt 2019,Sendiri
13,differensiasi,Medan,5.0,Nov 2018,Teman
13,Sefanya travel,Padang,5.0,Agt 2018,Keluarga
13,Dhany Alfaruq,Bukittinggi,5.0,Des 2018,Keluarga
13,Haris A,,4.0,Nov 2018,Bisnis
13,Nurhalimah N,Jakarta,5.0,Okt 2017,Bisnis
13,an_victor,Jakarta,4.0,Agt 2018,Keluarga
14,widi irawati,Bogor,5.0,Feb 2020,Keluarga
14,Forza,Padang,4.0,Jul 2019,
14,Sefanya travel,Padang,5.0,Des 2019,Teman
14,Halid T,Jakarta,2.0,Okt 2019,
14,Amel,Banjarmasin,3.0,Okt 2019,Teman
14,aint marssy,Jakarta,5.0,Okt 2019,Bisnis
14,Ahmad Fauzan,Padang Pariaman,4.0,Jul 2019,Pasangan
14,siti jalan jalan,,4.0,Agt 2019,Pasangan
14,Refandi Budi,Bekasi,4.0,Agt 2019,Teman
14,yudhi k,Padang,4.0,Jun 2018,Keluarga
15,Priojati A,Jakarta,3.0,Feb 2020,
15,Ken Aditya,Padang,5.0,Nov 2019,Keluarga
15,makdangnisa,,4.0,Nov 2019,
15,Ahmad Fauzan,Padang Pariaman,4.0,Apr 2019,Pasangan
15,anak rantau,Banda Aceh,5.0,Mei 2019,Keluarga
15,Pasya,Pekanbaru,4.0,Apr 2019,Keluarga
15,Agusti Esden,Tangerang Selatan,4.0,Jul 2018,Keluarga
15,jonialexanderheytsit,Solok,3.0,Des 2017,Keluarga
15,ArfiveGandhi,Bandung,5.0,Okt 2018,Keluarga
15,Wihartanto,Tangerang Selatan,3.0,Okt 2017,Teman
16,anak rantau,Banda Aceh,5.0,Jun 2019,Teman
16,sabrina_ho88,Padang,5.0,Mei 2018,Bisnis
16,Antohokkeh,,4.0,Agt 2018,Sendiri
16,hendra_lokkasa,Medan,4.0,Okt 2016,Bisnis
16,Rahayus101,,5.0,Jul 2017,Pasangan
16,winaldo,Palembang,3.0,Agt 2016,Pasangan
16,Anida_Krisstini,Padang,4.0,Okt 2015,Teman
16,andregiovando,Padang,5.0,Sep 2015,Teman
16,Oky A,,5.0,Des 2015,Keluarga
16,ana2626,Pekanbaru,3.0,Jan 2016,Keluarga
17,Indri87,,5.0,Sep 2021,Keluarga
17,Saipul Arifin,,3.0,Nov 2019,Sendiri
17,anida krisstini,Padang,5.0,Nov 2019,Sendiri
17,Duan,Padang,3.0,Nov 2019,Teman
17,Sefanya travel,Padang,5.0,Nov 2019,Keluarga
17,fifi,,4.0,Nov 2019,Teman
17,yudhi k,Padang,5.0,Jul 2019,Sendiri
17,Seaside55351852926,,5.0,Jun 2019,Sendiri
17,anak rantau,Banda Aceh,5.0,Mei 2019,Keluarga
18,rafid fernando,,3.0,Jan 2021,
18,Forza,Padang,5.0,Jun 2019,
18,monika,,3.0,Jun 2019,Teman
18,siti jalan jalan,,3.0,Agt 2019,Pasangan
18,Erik_Ariyanto,Kalimantan Barat,3.0,Jun 2019,Keluarga
18,anak rantau,Banda Aceh,5.0,Jun 2019,Keluarga
18,Dizzman,Jakarta,4.0,Nov 2018,Keluarga
18,Ruth H,Pekanbaru,5.0,Jan 2019,Keluarga
18,DewiLes,,5.0,Des 2018,Keluarga
18,Sefanya travel,Padang,5.0,Okt 2018,Keluarga
19,Hendra Yolanda Rangkuti,Pekanbaru,3.0,Okt 2018,Teman
19,Akmal,Padang,5.0,Apr 2018,Teman
19,Petualangbumi,Bandung,4.0,Sep 2018,Bisnis
19,Antohokkeh,,4.0,Agt 2018,Teman
19,Shakila P,Bali,5.0,Jun 2018,Keluarga
19,DiyanFariha,Duri,5.0,Mei 2018,Keluarga
19,andregiovando,Padang,5.0,Feb 2018,Teman
19,Febri H,,5.0,Jun 2017,Sendiri
19,Ahmad Wijaya,,5.0,Des 2017,Teman
19,zain5urvey,Sentani,5.0,Jan 2017,Pasangan
20,monika,,4.0,Okt 2019,Teman
20,anak rantau,Banda Aceh,5.0,Mei 2019,Keluarga
20,sabrina_ho88,Padang,5.0,Mar 2019,Bisnis
20,asman a,,4.0,Okt 2018,Teman
20,Antohokkeh,,4.0,Agt 2018,Teman
20,andregiovando,Padang,5.0,Mar 2018,Teman
20,Mira Emirina,Padang,5.0,Mar 2018,Keluarga
20,kk_funky,Jakarta,4.0,Des 2017,Sendiri
20,Aris,Tangerang Selatan,4.0,Des 2017,
20,iwan s,Jakarta,3.0,Jan 2017,Pasangan
21,Ruth H,Pekanbaru,5.0,Jan 2019,Keluarga
21,Petualangbumi,Bandung,4.0,Sep 2018,Bisnis
21,Antohokkeh,,5.0,Sep 2018,Teman
21,MaulidaSaktia,Padang,5.0,Mar 2018,Pasangan
21,andregiovando,Padang,5.0,Mar 2018,Teman
21,Muhammad R,,5.0,Des 2017,Teman
21,dionpratama,,5.0,Nov 2016,Bisnis
21,winaldo,Palembang,4.0,Agt 2016,Keluarga
21,Bujang L,Pekanbaru,4.0,Des 2015,Keluarga
21,mirzaasril,Tegal,5.0,Agt 2016,Teman
22,Bumimi homestay,Painan,5.0,Sep 2019,Teman
22,rent car & tour jogja,Yogyakarta,5.0,Mar 2019,Bisnis
22,Dee Rahayu Sapta,Jakarta,5.0,Jan 2019,Keluarga
22,Sefanya travel,Padang,5.0,Jun 2018,Keluarga
22,dzdessy,,5.0,Jul 2018,Keluarga
22,kk_funky,Jakarta,4.0,Des 2017,Sendiri
22,Anjar Normatasari,Banjarbaru,4.0,Des 2017,Keluarga
22,jawekmentour,Bekasi,5.0,Jul 2016,Teman
22,egha17,Palembang,4.0,Jul 2016,Keluarga
22,Ramadhan6297,Pekanbaru,5.0,Jan 2016,Teman
23,Valiant Vemby,Bukittinggi,4.0,Agt 2018,Teman
23,rigeladitya,Jakarta,4.0,Des 2018,Bisnis
23,mr. ari,Pekanbaru,4.0,Feb 2019,Keluarga
23,langgeng14,,5.0,Mei 2018,Keluarga
23,Ilham I,,4.0,Feb 2017,Teman
23,Audreyqueen A,,4.0,Okt 2017,Keluarga
23,megahariani29,Depok,3.0,Jul 2017,Pasangan
23,Fisra A,Jakarta,4.0,Jul 2016,Keluarga
23,meow_fransisca2006,Pematang Siantar,3.0,Apr 2017,Keluarga
23,Arifien,Jakarta,4.0,Apr 2017,Sendiri
24,JelajahKerinci,,5.0,Mar 2018,Sendiri
24,andreas_kheneva,,5.0,Agt 2017,Keluarga
24,Y Yaniari,Jakarta,5.0,Jan 2016,Pasangan
24,Rinchung,Abu Dhabi,4.0,Jul 2015,Pasangan
24,Sahat_art,Bogor,5.0,,
24,DnaUSA,Berkeley,4.0,Sep 2019,Pasangan
24,Balira17,,4.0,Jul 2019,Teman
24,jajavalB,Lampang,5.0,Okt 2016,Sendiri
24,aji suryanto,Jakarta,5.0,Sep 2015,
24,korian89,Groningen,5.0,Sep 2014,Sendiri
25,Pasya,Pekanbaru,4.0,Okt 2018,Keluarga
25,Antohokkeh,,4.0,Sep 2018,Bisnis
25,Dessy J,Bandung,5.0,Jul 2018,Pasangan
25,en2qm,Batam,5.0,Sep 2018,
25,OkeTravel,Riau,4.0,Apr 2018,
25,ate75,Pekanbaru,4.0,Sep 2015,Teman
25,ana2626,Pekanbaru,4.0,Okt 2015,Teman
25,noqeuy,Jakarta,5.0,Agt 2015,Keluarga
25,Aldi S,Bandung,4.0,Jul 2015,Teman
25,EFENDY_JAMES,Medan,4.0,Mei 2015,Teman
26,Fajrin,Batusangkar,5.0,Nov 2019,Keluarga
26,Rachella Homestay,Batusangkar,5.0,Agt 2019,Keluarga
26,rijalpurwailmiawan,Jakarta,5.0,Jan 2018,Teman
26,ekosapoetrasati,Batusangkar,5.0,Des 2017,
26,kaumNUsantara,Jakarta,4.0,Mar 2018,Pasangan
26,Muhammad R,,5.0,Jan 2018,Sendiri
26,fadilannisa a,Jakarta,3.0,Des 2017,Pasangan
26,fanimami,Pekanbaru,4.0,Jul 2017,Keluarga
26,Fisra A,Jakarta,4.0,Jul 2016,Keluarga
26,shafarul i,Bukittinggi,4.0,Agt 2015,Teman
27,Pasya,Pekanbaru,4.0,Apr 2019,Keluarga
27,Brigitta,Padang,5.0,Jul 2018,Keluarga
27,Coastal764018,,5.0,Apr 2018,Bisnis
27,EKO-Y-PRAMONO,Denpasar,4.0,Des 2016,Sendiri
27,Agusti Esden,Tangerang Selatan,4.0,Nov 2012,Keluarga
27,carlbray,Wellington,5.0,Mei 2017,Teman
28,Hendra Yolanda Rangkuti,Pekanbaru,5.0,Des 2018,Pasangan
28,Brigitta,Padang,4.0,Mar 2019,Teman
28,Ruth H,Pekanbaru,4.0,Jan 2019,Keluarga
28,Antohokkeh,,4.0,Sep 2018,Teman
28,dennygustiyandra,Bandar Lampung,4.0,Mar 2018,Teman
28,Ilham I,,5.0,Agt 2017,Teman
28,ibnu reza s,,5.0,Des 2017,Pasangan
28,pikhanza,Medan,5.0,Des 2017,Teman
28,Bujang L,Pekanbaru,3.0,Des 2015,Teman
28,mirzaasril,Tegal,4.0,Agt 2016,Bisnis
29,Indryechania,Payakumbuh,4.0,Jul 2019,Keluarga
29,Pasya,Pekanbaru,5.0,Des 2018,Keluarga
29,Sefanya travel,Padang,5.0,Jan 2018,Keluarga
29,Citra F,Jakarta,5.0,Agt 2017,Keluarga
29,rusiagus f,,4.0,Sep 2017,Bisnis
29,Fisra A,Jakarta,4.0,Des 2016,Keluarga
29,salma615,Payakumbuh,5.0,Des 2016,Keluarga
29,tempat yang indah yang tertutup untuk umum,,5.0,Okt 2016,Keluarga
29,shafarul i,Bukittinggi,4.0,Nov 2015,Teman
29,visitminangkabau,Jakarta,5.0,Sep 2016,Sendiri
30,Valiant Vemby,Bukittinggi,4.0,Mar 2019,Sendiri
30,mr. ari,Pekanbaru,3.0,Feb 2019,Keluarga
30,Ilham I,,4.0,Nov 2017,Teman
30,Adiguna M,,3.0,Jul 2016,Keluarga
30,langgeng14,,5.0,Nov 2016,Pasangan
30,Hidayati D,Tangerang,4.0,Agt 2016,Teman
30,RerePutri,Jakarta,3.0,Mei 2016,
30,KurniawanAdhi,Jakarta,5.0,Agt 2016,Sendiri
30,sabrina_ho88,Padang,5.0,Feb 2016,Pasangan
31,Ruth H,Pekanbaru,4.0,Jan 2019,Keluarga
31,Antohokkeh,,3.0,Sep 2018,Teman
31,Ilham I,,5.0,Feb 2018,Teman
31,tjutjukbs,Surabaya,4.0,Feb 2017,Teman
31,differensiasi,Medan,5.0,Nov 2016,Bisnis
31,Anida_Krisstini,Padang,3.0,Okt 2015,Teman
31,MairizaYulianti,Sumatera Utara,3.0,Des 2015,Keluarga
31,ana2626,Pekanbaru,3.0,Jan 2016,Keluarga
31,marioluigiyoshi,Jakarta,2.0,Mei 2015,Keluarga
31,dama0002,Singapura,4.0,Feb 2015,Teman
32,Pasya,Pekanbaru,4.0,Apr 2019,
32,Fisra A,Jakarta,4.0,Des 2016,Keluarga
32,winaldo,Palembang,4.0,Agt 2016,Teman
32,PaxJef,Padang,4.0,Mei 2016,Keluarga
32,HermanWay,Tangerang,4.0,Agt 2016,Teman
32,sabrina_ho88,Padang,5.0,Jan 2016,Keluarga
32,Eddy1215,Padang,4.0,Agt 2015,Keluarga
32,andreas_ertanto,Padang,3.0,Okt 2014,
32,Haikal1988,Payakumbuh,5.0,Mei 2015,Teman
32,hendysuherman,Jakarta,4.0,Nov 2014,Bisnis
33,Sefanya travel,Padang,5.0,Des 2018,Bisnis
33,Navigator729627,,4.0,Sep 2017,Keluarga
33,Ichazizah,Jakarta,4.0,Okt 2016,Teman
33,erfi0012014,Tangerang,4.0,Agt 2016,Keluarga
33,wanay11,Jakarta,3.0,Agt 2016,Teman
33,Evinayaspi,,3.0,Jul 2016,Teman
33,fajaradiartha,Jakarta,4.0,Mei 2016,Teman
33,rudi sutrisno ho,Jakarta,4.0,Mei 2016,Teman
33,Aldi S,Bandung,4.0,Jul 2015,Keluarga
34,Antohokkeh,,5.0,Des 2018,Teman
34,mr. ari,Pekanbaru,5.0,Okt 2018,Teman
34,yoliyoliandra8,Padang,2.0,Mar 2018,Teman
34,rusiagus f,,4.0,Sep 2017,Teman
34,fanimami,Pekanbaru,4.0,Jul 2017,Keluarga
34,Abdika Permana,Jakarta,4.0,Jul 2017,Keluarga
34,tanoe7788,,4.0,Apr 2017,Pasangan
34,partnerst0ur,Padang,3.0,Apr 2017,Keluarga
35,Dizzman,Jakarta,5.0,Nov 2018,Keluarga
35,iwan_akraz,Tangerang,5.0,Mar 2018,Pasangan
35,imas u,Bogor,5.0,Apr 2018,Teman
35,iratsaihtum,Jakarta,4.0,Mei 2017,
35,kk_funky,Jakarta,5.0,Des 2017,Sendiri
35,honestkaro,Kabanjahe,3.0,Jul 2017,Teman
35,ihsanadh,Makassar,5.0,Jul 2016,Keluarga
35,Feriandi,Serpong,4.0,Jan 2017,Keluarga
35,fajarsakti,Waikabubak,4.0,Des 2016,Teman
36,Pasya,Pekanbaru,4.0,Apr 2019,Keluarga
36,kk_funky,Jakarta,5.0,Des 2017,Sendiri
36,partnerst0ur,Padang,4.0,Mar 2017,Keluarga
36,Ridho S,Padang,5.0,Agt 2016,Teman
36,shafarul i,Bukittinggi,4.0,Mei 2016,Teman
36,Panduko_Sutan,Kajang,4.0,Des 2015,Keluarga
36,wulann2014,,5.0,Mei 2015,Pasangan
36,Voleta_H,Jakarta,4.0,Des 2015,Keluarga
36,Haikal1988,Payakumbuh,5.0,Des 2015,
36,Mahmud B,Palembang,5.0,Jun 2015,Sendiri
37,makdangnisa,,4.0,Nov 2019,
37,BangNess,,4.0,Feb 2019,Teman
37,Pasya,Pekanbaru,4.0,Apr 2019,Keluarga
37,jonialexanderheytsit,Solok,4.0,Des 2017,Keluarga
37,kk_funky,Jakarta,5.0,Jun 2018,Keluarga
37,Annisa A,,5.0,Okt 2017,Keluarga
37,ViNasution,,4.0,Jan 2018,Keluarga
37,Rahmat R,Pekanbaru,4.0,Okt 2016,Keluarga
37,Tri Julian H,,5.0,Jul 2017,Sendiri
37,endriano,Pekanbaru,4.0,Des 2016,Teman
38,Kasmadi Munthe,Malang,5.0,Jan 2022,
38,kk_funky,Jakarta,5.0,Jun 2018,Keluarga
38,Ahmad Wijaya,,5.0,Des 2017,Teman
38,irmadevita,Jakarta,3.0,Apr 2017,Keluarga
38,Alfalegro,Jakarta,4.0,Apr 2017,Teman
38,tjutjukbs,Surabaya,4.0,Feb 2017,Teman
38,CenturyAlpha,Yogyakarta,4.0,Feb 2017,Teman
39,hendysuherman86,Jakarta,5.0,Des 2018,Keluarga
39,RikhePurnamaSari,,5.0,Jan 2018,Keluarga
39,Mira Emirina,Padang,4.0,Jul 2017,Keluarga
39,shafarul i,Bukittinggi,4.0,Agt 2016,Teman
39,Laksmi A,Depok,5.0,Jun 2019,Keluarga
39,Aang174,,4.0,Apr 2018,Teman
39,RaiAriff,Kuala Lumpur,3.0,Des 2017,Sendiri
39,Eilyn M,Johor Bahru,5.0,Agt 2017,Keluarga
39,Boonlong,San Diego,4.0,Feb 2017,Teman
40,Didy Ardiano,Palupuh,4.0,Des 2019,Teman
40,herman p,,5.0,Jul 2019,Keluarga
40,Alex S,Deventer,4.0,Mar 2019,Pasangan
41,mr. ari,Pekanbaru,4.0,Feb 2019,Keluarga
41,Antohokkeh,,5.0,Okt 2018,Bisnis
41,Alwin Assegaff,Bali,5.0,Apr 2018,Teman
41,NurJane11,,5.0,Mar 2017,
41,dewi_rizki,Makassar,4.0,Sep 2017,Bisnis
41,Fatimah A,,5.0,Agt 2016,Keluarga
41,Amirashidah A,,4.0,Okt 2019,Keluarga
41,DF-ADL,Glenelg,5.0,Des 2018,Bisnis
41,Dawannes,Hoogstraten,4.0,Feb 2018,Sendiri
41,Pesona Jejak Wisata,Bukittinggi,5.0,Jul 2018,Bisnis
42,anak rantau,Banda Aceh,5.0,Mei 2019,Keluarga
42,Antohokkeh,,3.0,Agt 2018,Teman
42,kk_funky,Jakarta,4.0,Jun 2018,Keluarga
42,Febri H,,5.0,Jun 2017,Sendiri
42,Tri Julian H,,4.0,Mar 2018,Bisnis
42,Devijoe,,1.0,Jul 2017,Keluarga
42,iwan s,Jakarta,2.0,Jan 2017,Pasangan
42,Alfalegro,Jakarta,4.0,Apr 2017,Keluarga
42,tjutjukbs,Surabaya,3.0,Feb 2017,Teman
42,Ismaul H,Bandung,3.0,Jan 2017,Bisnis
43,Mom wafiy,,4.0,Sep 2019,
43,LENNI5y,Jakarta,4.0,Jun 2019,Sendiri
43,Dhany Alfaruq,Bukittinggi,4.0,Des 2018,Sendiri
43,Agusti Esden,Tangerang Selatan,4.0,Sep 2018,
43,an_victor,Jakarta,4.0,Agt 2018,Keluarga
43,ViNasution,,5.0,Jan 2018,Keluarga
43,Ahmad Wijaya,,5.0,Des 2017,Keluarga
43,ihsanadh,Makassar,4.0,Jul 2016,Keluarga
43,iwan s,Jakarta,3.0,Jan 2017,Pasangan
43,Embara,,4.0,Jan 2017,Pasangan
44,Duan,Padang,3.0,Nov 2019,Teman
44,Almadinah-Pariaman,,5.0,Jul 2018,Keluarga
44,Looliequeen,Padang,4.0,Jun 2018,Keluarga
44,OkeTravel,Riau,5.0,Mar 2018,Keluarga
44,Abu U,,5.0,Des 2017,Keluarga
44,Rozi Saputra U,,5.0,Mar 2017,Keluarga
44,Agusti Esden,Tangerang Selatan,4.0,Jul 2016,
44,M Richan,Padang,2.0,Okt 2016,Keluarga
44,Septy K,,4.0,Sep 2016,Teman
44,eshaple,Medan,5.0,Jan 2016,Teman
45,NIA_MARPA,Medan,3.0,Nov 2018,Teman
45,Antohokkeh,,5.0,Sep 2018,Teman
45,dewirof,Jakarta,3.0,Jun 2017,Keluarga
45,Andri K,Medan,3.0,Mar 2017,Teman
45,tjutjukbs,Surabaya,4.0,Feb 2017,Teman
45,pahlevi p,,5.0,Okt 2016,Keluarga
45,Anida_Krisstini,Padang,3.0,Okt 2015,Bisnis
45,shafarul i,Bukittinggi,3.0,Agt 2015,
45,Agusti Esden,Tangerang Selatan,3.0,Feb 2015,Keluarga
45,Bujang L,Pekanbaru,3.0,Sep 2015,Pasangan
46,yudhi k,Padang,5.0,Agt 2019,Teman
46,Pasya,Pekanbaru,4.0,Agt 2018,Keluarga
46,Citra F,Jakarta,3.0,Sep 2017,
46,sabrina_ho88,Padang,5.0,Jan 2016,Keluarga
46,Andri Zainal Kari,Jakarta,5.0,Sep 2015,Keluarga
46,Riffno K,,3.0,Agt 2015,Keluarga
46,mestikesini,West Sumatra,5.0,Agt 2014,Keluarga
46,virad2014,,5.0,,
46,Sophia_LSF,Kuala Lumpur,4.0,Okt 2015,Keluarga
46,Darnel-HDI,Jakarta,4.0,Des 2014,Keluarga
47,Valiant Vemby,Bukittinggi,4.0,Mar 2019,Teman
47,Pasya,Pekanbaru,4.0,Sep 2018,Keluarga
47,Dhany Alfaruq,Bukittinggi,5.0,Jul 2018,Sendiri
47,Sitti Nur Rachm... K,,4.0,Mei 2018,Pasangan
47,becitirta,Bandung,4.0,Okt 2017,Keluarga
47,Adiguna M,,3.0,Jul 2016,Keluarga
47,Perlengkapan B,Padang,4.0,Agt 2016,Keluarga
47,Anida_Krisstini,Padang,3.0,Nov 2015,Teman
47,Hidayati D,Tangerang,4.0,Agt 2016,Teman
47,ida_srini,,4.0,Agt 2016,Sendiri
48,Dyandra66,Bandung,4.0,Mar 2020,Pasangan
48,anida krisstini,Padang,5.0,Nov 2019,Teman
48,hkrishna2014,Padang,3.0,Okt 2019,Pasangan
48,MyCiamik,,4.0,Jan 2019,Keluarga
48,Dhany Alfaruq,Bukittinggi,4.0,Nov 2018,Sendiri
48,Emma R,Binjai,2.0,Sep 2017,Sendiri
48,Antohokkeh,,4.0,Mar 2018,Teman
48,rahelsyanivia,Pekanbaru,5.0,Mar 2018,Pasangan
48,Malin U,Bukittinggi,5.0,Mar 2018,Keluarga
48,zain5urvey,Sentani,5.0,Jan 2017,Sendiri
49,Nasirullah Sitam,Yogyakarta,5.0,Okt 2018,
49,Felia putri,,4.0,Jun 2018,Keluarga
49,izzu-kun,Padang,3.0,Nov 2018,Pasangan
49,Agusti Esden,Tangerang Selatan,4.0,Sep 2018,
49,Antohokkeh,,5.0,Okt 2018,Teman
49,wanderlustid,,3.0,Des 2017,Sendiri
49,kk_funky,Jakarta,4.0,Jun 2018,Keluarga
49,Supriyono S Prio,Tangerang Selatan,4.0,Okt 2017,Sendiri
49,dewi_rizki,Makassar,3.0,Sep 2017,Bisnis
49,Ummiaiz,,5.0,Mar 2017,Keluarga
50,Malibou Organizer,Padang Pariaman,5.0,Des 2019,Bisnis
50,mr. ari,Pekanbaru,4.0,Feb 2019,Keluarga
50,OkeTravel,Riau,5.0,Jun 2018,Keluarga
50,fanimami,Pekanbaru,4.0,Okt 2016,Keluarga
50,tjutjukbs,Surabaya,4.0,Feb 2017,Teman
50,sofian c,,3.0,Jul 2016,Keluarga
50,Kermit Y,,4.0,Jun 2016,Teman
50,shafarul i,Bukittinggi,4.0,Agt 2015,Teman
50,Puanmh2017,Kuala Lumpur,4.0,Jan 2020,
51,anak rantau,Banda Aceh,5.0,Okt 2018,Pasangan
51,Antohokkeh,,3.0,Sep 2018,Teman
51,tessarahmadani2,Pariaman,5.0,Apr 2018,Keluarga
51,tjutjukbs,Surabaya,4.0,Feb 2017,Teman
51,indraamir,Jakarta,4.0,Feb 2016,Keluarga
51,Dikki B.A.,Bogor,4.0,Agt 2016,Teman
51,shafarul i,Bukittinggi,4.0,Des 2015,Teman
51,Evinayaspi,,3.0,Mar 2016,
51,Haikal1988,Payakumbuh,5.0,Des 2015,Keluarga
51,Agusti Esden,Tangerang Selatan,4.0,Apr 2015,Keluarga
52,Rachella Homestay,Batusangkar,5.0,Jul 2019,Teman
52,Dizzman,Jakarta,4.0,Nov 2018,Keluarga
52,kk_funky,Jakarta,5.0,Des 2017,Sendiri
52,pLORAkeph,Jakarta,5.0,Des 2017,Bisnis
52,hiburansepi,Bandung,3.0,Sep 2016,Teman
52,ida_srini,,4.0,Agt 2016,Teman
52,shafarul i,Bukittinggi,4.0,Des 2015,Teman
52,Ichazizah,Jakarta,3.0,Mei 2015,Teman
52,Laurent R,Singapura,3.0,Okt 2015,Pasangan
52,esubijono,Jakarta,4.0,Agt 2015,Keluarga
53,Shinta,,3.0,Des 2019,
53,Pasya,Pekanbaru,4.0,Agt 2018,Keluarga
53,mr. ari,Pekanbaru,4.0,Feb 2019,Keluarga
53,vella ovelia,,5.0,Okt 2018,Teman
53,OkeTravel,Riau,4.0,Jun 2018,Keluarga
53,yoliyoliandra8,Padang,4.0,Mei 2017,Teman
53,Alfalegro,Jakarta,4.0,Apr 2017,Keluarga
53,tjutjukbs,Surabaya,4.0,Feb 2017,Teman
53,Riana P,,4.0,Jan 2016,Teman
53,eshaple,Medan,4.0,Jan 2016,Teman
54,Valiant Vemby,Bukittinggi,4.0,Jun 2019,Keluarga
54,Sefanya travel,Padang,5.0,Nov 2018,Bisnis
54,Hodril B,,3.0,Agt 2018,Keluarga
54,Lidya J,,5.0,Jan 2018,Keluarga
54,Dwi Panuntun,Tangerang Selatan,5.0,Okt 2017,Keluarga
54,Mira Emirina,Padang,4.0,Jul 2017,Keluarga
54,amell92,,4.0,Agt 2016,
54,shafarul i,Bukittinggi,4.0,Agt 2015,Keluarga
54,dendirahmat,Padang Panjang,4.0,Sep 2015,Teman
54,PoerJaya,Bekasi,4.0,Des 2015,Keluarga
55,Frenji,Padang,5.0,Nov 2019,Teman
55,Ahmad Fauzan,Padang Pariaman,4.0,Jan 2019,Teman
55,hendysuherman86,Jakarta,4.0,Des 2018,Keluarga
55,irmadevita,Jakarta,4.0,Apr 2017,Keluarga
55,shafarul i,Bukittinggi,4.0,Mar 2016,Teman
55,Nilah R,Provinsi Jambi,5.0,Jan 2015,Teman
55,santo_chua,Batam,5.0,Mar 2020,Teman
55,Fess S,Tucson,1.0,Mei 2019,Pasangan
55,Darnel-HDI,Jakarta,4.0,Jun 2014,Keluarga
56,zak T,San Diego,5.0,Apr 2015,Teman
57,Ewi D,Pekanbaru,4.0,Feb 2019,Keluarga
57,Dizzman,Jakarta,4.0,Nov 2018,Keluarga
57,kk_funky,Jakarta,5.0,Des 2017,Sendiri
57,pLORAkeph,Jakarta,5.0,Des 2017,Bisnis
57,helena y,,4.0,Jun 2017,Keluarga
57,shafarul i,Bukittinggi,4.0,Nov 2015,Teman
57,Ichazizah,Jakarta,4.0,Mei 2015,Teman
57,Laurent R,Singapura,3.0,Okt 2015,Pasangan
57,esubijono,Jakarta,4.0,Agt 2015,Keluarga
57,andreas_ertanto,Padang,4.0,Jul 2015,Keluarga
58,Antohokkeh,,5.0,Des 2018,Keluarga
58,Citra F,Jakarta,5.0,Jun 2018,
58,Ilham I,,5.0,Feb 2018,Teman
58,indraamir,Jakarta,5.0,Feb 2016,Keluarga
58,shafarul i,Bukittinggi,4.0,Mei 2016,Teman
58,AlvianIbr,Jakarta,3.0,Jun 2015,Pasangan
58,syafrizal_info,Jakarta,5.0,Jan 2014,Keluarga
58,Agusti Esden,Tangerang Selatan,4.0,Okt 2013,Keluarga
59,Erik_Ariyanto,Kalimantan Barat,4.0,Jun 2019,Keluarga
59,tjutjukbs,Surabaya,4.0,Feb 2017,Teman
59,rispertani,Depok,5.0,Jul 2016,Sendiri
59,Reki H,Padang,5.0,Mar 2016,Teman
59,MairizaYulianti,Sumatera Utara,4.0,Sep 2015,Pasangan
59,Oky A,,5.0,Feb 2016,Keluarga
59,Lilik S,,4.0,Sep 2014,Teman
59,Danny Too,Petaling Jaya,5.0,Sep 2017,Pasangan
60,Rahmadini,Bogor,4.0,Agt 2020,Pasangan
60,Pasya,Pekanbaru,5.0,Apr 2019,Keluarga
60,Sefanya travel,Padang,5.0,Nov 2018,Keluarga
60,winaldo,Palembang,5.0,Jul 2016,Keluarga
61,Pasya,Pekanbaru,4.0,Apr 2019,Keluarga
61,Forza,Padang,5.0,Okt 2018,Teman
61,Citra F,Jakarta,5.0,Jun 2018,
61,Fisra A,Jakarta,4.0,Jun 2016,Teman
61,Iman Sadesmesli,Depok,3.0,Nov 2016,Keluarga
61,Anida_Krisstini,Padang,3.0,Okt 2015,Teman
61,Teguh H,,5.0,Sep 2016,Teman
61,langgeng14,,5.0,Mar 2016,Teman
61,shafarul i,Bukittinggi,4.0,Agt 2015,Teman
61,dendirahmat,Padang Panjang,3.0,Feb 2015,Teman
62,Antohokkeh,,5.0,Sep 2018,Teman
62,Ilham I,,5.0,Feb 2018,Teman
62,Alfalegro,Jakarta,4.0,Apr 2017,Teman
62,hkrishna2014,Padang,3.0,Jun 2016,
62,fachrulrozy,,3.0,Sep 2015,Sendiri
62,dkahmad1,Bandung,4.0,Mar 2016,Bisnis
62,MairizaYulianti,Sumatera Utara,4.0,Agt 2015,Keluarga
62,dendirahmat,Padang Panjang,4.0,Des 2015,Sendiri
62,Adek M,,4.0,Mei 2015,Keluarga
62,aria h,Solok,4.0,Jan 2015,Teman
63,Citra F,Jakarta,5.0,Jun 2018,Pasangan
63,pipin p,Jakarta,4.0,Des 2017,Keluarga
63,Fauzan z,,5.0,Feb 2017,Teman
63,Dody A,,4.0,Mei 2017,Keluarga
63,Adiguna M,,3.0,Jul 2016,Keluarga
63,Dikki B.A.,Bogor,5.0,Sep 2016,Teman
63,Ragu88,Kuala Lumpur,5.0,Apr 2019,Teman
63,inascully,Kuala Lumpur,4.0,Feb 2019,Keluarga
63,Darnel-HDI,Jakarta,5.0,Sep 2016,Keluarga
63,Elfina Z,Kuala Lumpur,5.0,Okt 2016,Keluarga
64,Antohokkeh,,5.0,Sep 2018,Teman
64,tanoe7788,,3.0,Apr 2017,Pasangan
64,tjutjukbs,Surabaya,4.0,Feb 2017,Teman
64,Riana P,,3.0,Sep 2015,Teman
64,andregiovando,Padang,5.0,Apr 2015,
64,PaxJef,Padang,1.0,Mei 2015,
64,allovesmel,Pekanbaru,5.0,Sep 2015,Teman
64,Hidayat S,Kuala Lumpur,5.0,Agt 2015,Teman
64,Aldi S,Bandung,4.0,Jul 2015,Teman
64,Rustandi E,,5.0,Jul 2015,Teman
65,Antohokkeh,,3.0,Sep 2018,Teman
65,kk_funky,Jakarta,4.0,Jun 2018,Keluarga
65,tanoe7788,,4.0,Apr 2017,Pasangan
65,tjutjukbs,Surabaya,4.0,Feb 2017,Teman
65,srizandra,Pekanbaru,2.0,Jul 2015,
65,FerdyDenny_Tulong,Manado,3.0,Okt 2015,
65,kualanyiur,Bandung,3.0,Mei 2015,Keluarga
65,sabrina_ho88,Padang,4.0,Feb 2016,Bisnis
65,SANAMO,,4.0,Jul 2014,Keluarga
65,hkrishna2014,Padang,3.0,Nov 2014,Sendiri
66,Ruth H,Pekanbaru,4.0,Jan 2019,Keluarga
66,Rizki A,,3.0,Jul 2015,Pasangan
66,hamdiirza,Padang,3.0,Feb 2015,
66,Albert825,Padang,5.0,Apr 2014,Keluarga
66,ate75,Pekanbaru,4.0,Apr 2014,Teman
66,Switenana,Pekanbaru,4.0,Jul 2016,Keluarga
66,Jack F,Bandung,4.0,,
67,iwanskomari,Jakarta,4.0,Nov 2019,
67,Rizky A,Jakarta,4.0,Mar 2019,Pasangan
67,Alfar,Tangerang,3.0,Apr 2019,Keluarga
67,sucay,,4.0,Jun 2018,Teman
67,Agusti Esden,Tangerang Selatan,4.0,Sep 2018,
67,wanderlustid,,3.0,Des 2017,Teman
67,karenovera,Purwokerto,4.0,Agt 2018,Keluarga
67,kk_funky,Jakarta,4.0,Jun 2018,Keluarga
67,balance0906,Jakarta,4.0,Jun 2018,Sendiri
67,Ilham I,,5.0,Jun 2017,Teman
68,Doditata,,4.0,Sep 2021,Keluarga
68,Indindmil,Jakarta,4.0,Jan 2017,Keluarga
68,shafarul i,Bukittinggi,4.0,Jul 2016,Teman
68,sabrina_ho88,Padang,5.0,Jan 2016,Keluarga
68,jxbars,Denpasar,4.0,Jan 2016,Pasangan
68,Darnel-HDI,Jakarta,4.0,Agt 2015,Keluarga
69,kk_funky,Jakarta,3.0,Jun 2018,Keluarga
69,Citra F,Jakarta,5.0,Jun 2018,Sendiri
69,erw@n,Serpong,4.0,Nov 2013,Teman
69,ferinovriyal,Gorontalo,3.0,Sep 2013,Teman
69,Agusti Esden,Tangerang Selatan,5.0,Mar 2014,Keluarga
69,karimpaputungan,Jakarta,3.0,Feb 2014,Pasangan
69,Darnel-HDI,Jakarta,4.0,Mar 2015,Teman
70,Valiant Vemby,Bukittinggi,5.0,Sep 2018,
70,Ryan,Malang,5.0,Mei 2019,
70,Fisra A,Jakarta,4.0,Jul 2016,Keluarga
70,Puanmh2017,Kuala Lumpur,4.0,Jan 2020,
71,Fisra A,Jakarta,4.0,Jul 2016,Keluarga
71,Fatimah A,,5.0,Agt 2016,Keluarga
71,ida_srini,,4.0,Agt 2016,Sendiri
71,shafarul i,Bukittinggi,4.0,Agt 2015,Teman
71,Hellen L,Jakarta,5.0,Jun 2014,Keluarga
72,Ika J,,4.0,Des 2019,Teman
72,Sefanya travel,Padang,5.0,Nov 2019,Keluarga
72,Antohokkeh,,3.0,Sep 2018,Teman
72,kk_funky,Jakarta,2.0,Jun 2018,Keluarga
72,Aris,Tangerang Selatan,4.0,Des 2017,Keluarga
72,gerage,Jakarta,3.0,Agt 2017,Bisnis
72,Widya O,,3.0,Jun 2017,Sendiri
72,Jktmale,Jakarta,3.0,Agt 2016,Teman
72,Riana P,,2.0,Agt 2016,Sendiri
72,Ariesadhar,Tangerang Selatan,2.0,Mei 2016,Sendiri
73,anida krisstini,Padang,5.0,Nov 2019,Keluarga
73,honestkaro,Kabanjahe,3.0,Jul 2017,Teman
73,agus muslim,Depok,4.0,Apr 2017,
73,sabrina_ho88,Padang,5.0,Jun 2015,Keluarga
73,shafarul i,Bukittinggi,4.0,Feb 2016,Teman
73,dendirahmat,Padang Panjang,4.0,Feb 2016,Teman
74,siti jalan jalan,,3.0,Agt 2019,Pasangan
74,Erik_Ariyanto,Kalimantan Barat,2.0,Jun 2019,Keluarga
74,Rizky A,Jakarta,4.0,Mar 2019,Pasangan
74,sucay,,4.0,Jun 2018,Teman
74,hesasoujiro,Jakarta,4.0,Okt 2017,Keluarga
74,kk_funky,Jakarta,4.0,Jun 2018,Keluarga
74,balance0906,Jakarta,3.0,Jun 2018,Sendiri
74,Puanmh2017,Kuala Lumpur,3.0,Jan 2020,
74,Hasnah1962,Singapura,4.0,Mar 2018,Teman
75,TobiTim,Velbert,5.0,Jun 2019,Sendiri
75,Raoan azevedo,,5.0,Des 2018,Pasangan
75,Meet the mentawai,Kepulauan Mentawai,5.0,Agt 2018,Bisnis
76,Sefanya travel,Padang,5.0,Jul 2018,Keluarga
76,tjutjukbs,Surabaya,4.0,Feb 2017,Teman
76,Agusti Esden,Tangerang Selatan,4.0,Agt 2016,Keluarga
76,dewi_naglilya,Sawahlunto,5.0,Apr 2014,Teman
77,Rachella Homestay,Batusangkar,5.0,Jul 2019,Teman
77,Dizzman,Jakarta,4.0,Nov 2018,Keluarga
77,kk_funky,Jakarta,4.0,Des 2017,Sendiri
77,pLORAkeph,Jakarta,4.0,Des 2017,
77,I Made T,Palembang,3.0,Sep 2016,Bisnis
77,ida_srini,,3.0,Agt 2016,Teman
77,shafarul i,Bukittinggi,4.0,Des 2015,Teman
77,Laurent R,Singapura,4.0,Okt 2015,Pasangan
77,esubijono,Jakarta,3.0,Agt 2015,Keluarga
77,Palangkaraya,Jakarta,3.0,Des 2014,Keluarga
78,Valiant Vemby,Bukittinggi,4.0,Agt 2018,Teman
78,Dhany Alfaruq,Bukittinggi,5.0,Mar 2018,Pasangan
78,an_victor,Jakarta,3.0,Agt 2018,Keluarga
78,Fisra A,Jakarta,3.0,Jul 2016,Keluarga
78,Adiguna M,,3.0,Jul 2016,Keluarga
78,ida_srini,,3.0,Agt 2016,
78,yoserizaladha,Pulau Bangka,4.0,Agt 2016,Keluarga
78,shafarul i,Bukittinggi,3.0,Jul 2016,Keluarga
78,sabrina_ho88,Padang,5.0,Feb 2016,Teman
78,MairizaYulianti,Sumatera Utara,3.0,Feb 2016,Keluarga
79,kaumNUsantara,Jakarta,4.0,Okt 2017,Pasangan
79,Ilham I,,5.0,Jul 2017,Teman
79,Tri Julian H,,5.0,Apr 2017,Teman
79,jawekmentour,Bekasi,5.0,Agt 2016,Teman
79,edwardorusfid,Jakarta,4.0,Agt 2016,Keluarga
79,Fasta'Iza N,,4.0,Mar 2016,Teman
80,FebruariCeria,Jakarta,5.0,Mar 2020,
80,Brigitta,Padang,4.0,Sep 2018,Teman
80,tjutjukbs,Surabaya,4.0,Feb 2017,Teman
81,LENNI5y,Jakarta,4.0,Jun 2019,Sendiri
81,siti jalan jalan,,3.0,Agt 2019,Pasangan
81,Valiant Vemby,Bukittinggi,4.0,Mar 2019,Teman
81,Halidya,,4.0,Des 2017,Bisnis
81,Puanmh2017,Kuala Lumpur,4.0,Jan 2020,
81,arminhari,Yogyakarta,3.0,Okt 2019,
81,IftekharA-Sep2016,,4.0,Sep 2018,Pasangan
81,Danny Too,Petaling Jaya,4.0,Sep 2017,Pasangan
81,Aang174,,4.0,Apr 2018,Teman
82,Sefanya travel,Padang,5.0,Jun 2019,Bisnis
82,Ahmad Fauzan,Padang Pariaman,5.0,Agt 2019,Pasangan
82,mr. ari,Pekanbaru,4.0,Feb 2019,Keluarga
82,MansyahTanjung,Batam,4.0,Sep 2018,Keluarga
82,OkeTravel,Riau,4.0,Mar 2018,Keluarga
83,Pasya,Pekanbaru,4.0,Apr 2019,Keluarga
83,rent car & tour jogja,Yogyakarta,5.0,Mar 2019,Bisnis
83,mealbatros B,Medan,3.0,Jul 2016,Keluarga
83,marioluigiyoshi,Jakarta,4.0,Mei 2015,Keluarga
83,Nila S,,5.0,Jul 2014,Keluarga
83,Yrref W,,4.0,Nov 2014,Teman
84,evi d,Pekanbaru,5.0,Des 2019,Keluarga
84,Rachella Homestay,Batusangkar,3.0,Nov 2018,Teman
84,Fatimah A,,5.0,Agt 2016,Keluarga
84,shafarul i,Bukittinggi,3.0,Agt 2015,Teman
84,Agusti Esden,Tangerang Selatan,5.0,Mar 2014,Keluarga
84,Darnel-HDI,Jakarta,4.0,Jul 2017,Teman
85,Dizzman,Jakarta,4.0,Nov 2018,Keluarga
85,ida_srini,,3.0,Agt 2016,Teman
85,shafarul i,Bukittinggi,4.0,Des 2015,Teman
85,hamdiirza,Padang,3.0,Agt 2014,
85,Agusti Esden,Tangerang Selatan,4.0,Mar 2014,Keluarga
85,645khairula,Kuala Lumpur,5.0,Mei 2017,Bisnis
86,mr. ari,Pekanbaru,3.0,Feb 2019,Keluarga
86,tjutjukbs,Surabaya,4.0,Feb 2017,Teman
86,Indindmil,Jakarta,5.0,Mei 2016,Keluarga
86,jekysusandi,Kuta,5.0,Mar 2015,Teman
87,Pasya,Pekanbaru,4.0,Apr 2019,Keluarga
87,mr. ari,Pekanbaru,4.0,Sep 2018,Keluarga
87,Indra R,Sumenep,5.0,Mei 2018,
87,Nuurma,,5.0,Mei 2017,Teman
88,rifa'atul K,Agam,4.0,Mar 2018,Teman
88,Fatimah A,,5.0,Agt 2016,Keluarga
88,Mochram,Balikpapan,4.0,Jan 2015,Keluarga
88,muliati,Seremban,4.0,Agt 2019,Keluarga
89,Valiant Vemby,Bukittinggi,4.0,Agt 2018,Keluarga
89,Fisra A,Jakarta,4.0,Jul 2016,Teman
89,Laut2015,,4.0,Okt 2016,Keluarga
89,shafarul i,Bukittinggi,3.0,Des 2015,Teman
89,dendirahmat,Padang Panjang,4.0,Nov 2015,Sendiri
90,sabrina_ho88,Padang,4.0,Agt 2016,Teman
90,tjutjukbs,Surabaya,4.0,Feb 2017,Teman
90,indraamir,Jakarta,5.0,Okt 2016,Keluarga
90,Dikki B.A.,Bogor,4.0,Sep 2016,Teman
90,Fauzan Darmi,Jakarta,3.0,Jul 2016,Keluarga
91,kk_funky,Jakarta,5.0,Des 2017,Sendiri
91,tjutjukbs,Surabaya,4.0,Feb 2017,Teman
91,hiburansepi,Bandung,4.0,Sep 2016,Teman
91,shafarul i,Bukittinggi,4.0,Nov 2015,Teman
92,imgar,Jakarta,4.0,Feb 2020,Keluarga
92,Dizzman,Jakarta,4.0,Nov 2018,Keluarga
92,ida_srini,,4.0,Agt 2016,Teman
92,sucyfebriningsih,Pekanbaru,5.0,Apr 2016,Teman
93,Citra F,Jakarta,5.0,Jun 2018,Sendiri
93,Fisra A,Jakarta,4.0,Jul 2016,Teman
93,Laut2015,,4.0,Jun 2015,
93,Agusti Esden,Tangerang Selatan,5.0,Mar 2014,Keluarga
94,Ryan O,,4.0,Jan 2017,Teman
94,Kermit Y,,4.0,Sep 2016,Teman
94,agam12014,Padang,4.0,Nov 2013,Pasangan
94,Agusti Esden,Tangerang Selatan,4.0,Mar 2014,Keluarga
95,MarvinSitorus,Denpasar,3.0,Jun 2015,Pasangan
96,Forza,Padang,5.0,Agt 2019,
97,Fasta'Iza N,,4.0,Feb 2017,Teman
98,OkeTravel,Riau,5.0,Jan 2018,
98,Asrilwandi,,5.0,Jun 2017,Bisnis
99,Ryan,Malang,4.0,Apr 2019,
99,OkeTravel,Riau,2.0,Mar 2018,Keluarga
99,NurJane11,,5.0,Mar 2017,
99,becitirta,Bandung,4.0,Okt 2017,Teman
100,tjutjukbs,Surabaya,4.0,Feb 2017,Teman
100,Aswarizky A,Pariaman,5.0,Jan 2016,Teman
100,Asrilwandi,,4.0,Feb 2016,Teman
101,Sabai-Nan-Aluih,,3.0,,
102,elvinadiah,Depok,5.0,Nov 2017,Keluarga
102,Fisra A,Jakarta,4.0,Jul 2016,Teman
102,shafarul i,Bukittinggi,4.0,Feb 2016,Teman
102,dendirahmat,Padang Panjang,3.0,Feb 2016,Teman
103,mr. ari,Pekanbaru,4.0,Feb 2019,Keluarga
103,Aisah I,,5.0,Jul 2017,Keluarga
103,Alfalegro,Jakarta,4.0,Apr 2017,Keluarga
103,tjutjukbs,Surabaya,4.0,Feb 2017,Teman
103,M Richan,Padang,3.0,Sep 2016,Pasangan
103,Dikki B.A.,Bogor,4.0,Agt 2016,Teman
104,sucyfebriningsih,Pekanbaru,5.0,Apr 2016,Teman
105,rispertani,Depok,5.0,Jul 2017,
106,Listia Vidyawat... M,Bogor,4.0,Jul 2018,Keluarga
106,alghozi,Medan,4.0,Mar 2018,Keluarga
107,mr. ari,Pekanbaru,4.0,Feb 2019,Keluarga
107,OkeTravel,Riau,5.0,Mei 2018,Keluarga
108,shafarul i,Bukittinggi,4.0,Des 2015,Teman
108,Laurent R,Singapura,3.0,Okt 2015,Pasangan
108,Agusti Esden,Tangerang Selatan,4.0,Mar 2014,Keluarga
109,tanoe7788,,4.0,Apr 2017,Pasangan
109,tjutjukbs,Surabaya,4.0,Feb 2017,Teman
109,shafarul i,Bukittinggi,4.0,Jun 2016,Teman
110,Marcus_Me,Budapest,5.0,Nov 2011,Teman
111,sabrina_ho88,Padang,5.0,Jan 2019,Keluarga
112,Kermit Y,,5.0,Des 2016,Teman
113,Rahayus101,,5.0,Apr 2017,Keluarga
113,tjutjukbs,Surabaya,4.0,Feb 2017,Teman
113,eshaple,Medan,3.0,Jan 2016,Teman
113,shafarul i,Bukittinggi,4.0,Mei 2016,Teman
114,Dikki B.A.,Bogor,5.0,Sep 2016,Teman
115,Randi Novendra,,3.0,Feb 2020,Sendiri
115,shafarul i,Bukittinggi,4.0,Feb 2016,Teman
115,Ganda S,,3.0,Apr 2016,Teman
116,Singgah Sebentar Disini,Medan,5.0,Des 2021,Teman
116,Rahmaniah_Mardja,,5.0,Des 2017,Sendiri
116,Raouldd,Madrid,5.0,Feb 2020,Sendiri
116,Csaba F,Budapest,5.0,Okt 2019,
116,Simon,Montreal,5.0,Sep 2019,Pasangan
116,Monika,,5.0,Sep 2019,
116,Marie K,,5.0,Agt 2019,Keluarga
116,Margo C,,5.0,Jul 2019,Pasangan
116,Jan Dokulil,,5.0,Jun 2019,Teman
117,mr. ari,Pekanbaru,4.0,Feb 2019,Keluarga
117,tessarahmadani2,Pariaman,4.0,Mar 2018,Teman
118,sabrina_ho88,Padang,5.0,Mar 2019,Keluarga
119,Ahmad Fauzan,Padang Pariaman,4.0,Apr 2019,Pasangan
120,Nomad628465,,5.0,Nov 2019,Pasangan
120,Nur,,5.0,Jul 2019,Keluarga
120,Hajimi Junsei,,5.0,Mar 2019,Teman
120,Antohokkeh,,5.0,Sep 2018,Teman
120,Emmi G,,4.0,Apr 2015,Teman
120,ume,,5.0,Mar 2020,
120,Abdul K,,5.0,Jan 2020,Keluarga
120,Sightseer462373,,5.0,Jan 2020,
120,Mohammad Alan Abdullah,,5.0,Des 2019,Pasangan
120,Rahidah S,Singapura,5.0,Des 2019,Pasangan
121,endriano,Pekanbaru,4.0,Jan 2016,Teman
122,Valiant Vemby,Bukittinggi,4.0,Sep 2018,Keluarga
122,Looliequeen,Padang,4.0,Apr 2018,Keluarga
123,Aban Sheer,Benggala Barat,4.0,Mei 2019,Sendiri
124,Fasta'Iza N,,5.0,Sep 2016,Teman
125,shafarul i,Bukittinggi,4.0,Des 2015,Teman
125,sylvandriaprianto,Palembang,4.0,Agt 2015,Bisnis
126,jonialexanderheytsit,Solok,4.0,Des 2017,Sendiri
126,ypudijanto,Jakarta,4.0,Okt 2017,Bisnis
127,rent car & tour jogja,Yogyakarta,5.0,Mar 2019,Bisnis
128,Didy Ardiano,Palupuh,4.0,Jun 2019,Keluarga
129,edwardorusfid,Jakarta,4.0,Agt 2016,Keluarga
130,Aban Sheer,Benggala Barat,4.0,Mei 2019,Sendiri
131,Aban Sheer,Benggala Barat,3.0,Mei 2019,Sendiri
132,Citra F,Jakarta,5.0,Jun 2018,
132,Ping L,,1.0,Apr 2017,Sendiri
132,MarSya78,,2.0,Mar 2016,Keluarga
133,Tunas Karya Aluminium,Bukittinggi,4.0,Jul 2019,
133,Chiquita P,,4.0,Jul 2019,Teman
133,Sefanya travel,Padang,5.0,Okt 2018,Keluarga
133,Dhany Alfaruq,Bukittinggi,3.0,Des 2018,Sendiri
133,linda w,,3.0,Nov 2017,
133,Wihartanto,Tangerang Selatan,4.0,Okt 2017,Teman
133,YahyaHukmaShabyyan,Kuta,5.0,Apr 2018,Pasangan
133,ViNasution,,5.0,Jan 2018,Keluarga
133,Ahmad Wijaya,,5.0,Des 2017,Keluarga
133,Meyer75,Jakarta,3.0,Mar 2017,Teman
134,tjutjukbs,Surabaya,4.0,Feb 2017,Teman
135,Ozzi Rahmadeni,Bukittinggi,5.0,Mei 2018,
135,Antohokkeh,,4.0,Jan 2018,Teman
135,rasbens,,5.0,Mei 2016,Pasangan
135,jxbars,Denpasar,4.0,Jan 2016,Pasangan
135,eastcoastrod0218,Singapura,5.0,,
135,NickoSilfido,Jakarta,5.0,Agt 2014,Teman
135,senandoah,,5.0,Mar 2014,
135,Jon S,Jakarta,5.0,Jan 2020,Keluarga
135,danaJ41,Amersfoort,5.0,Agt 2019,Keluarga
135,Isaure D,Paris,5.0,Agt 2019,
136,Ozzi Rahmadeni,Bukittinggi,5.0,Jul 2018,
136,ronip2014,,5.0,,
136,Hana,Pulau Penang,5.0,Agt 2019,Pasangan
136,Kirstennfp,Grindsted,5.0,Mar 2019,Pasangan
136,Edita,,5.0,Mar 2019,Teman
136,Nina Maria W,Kempten,5.0,Mar 2019,Teman
136,Fraser,,5.0,Feb 2019,Teman
136,LoubLou21,Huddersfield,4.0,Jan 2019,Pasangan
136,mideboer03,Amsterdam,5.0,Sep 2018,Pasangan
136,Ceri-Cherry,,5.0,Okt 2018,Sendiri
137,Antohokkeh,,4.0,Sep 2018,Sendiri
137,Jantje1988,,5.0,Nov 2019,Teman
137,cecile,,5.0,Okt 2019,
137,Safe and Healthy Travel,Hellendoorn,5.0,Okt 2019,Sendiri
137,Marion,,5.0,Sep 2019,Keluarga
137,Kinga S,,5.0,Jul 2019,
137,Sara,,5.0,Agt 2019,Keluarga
137,gladys160,,5.0,Jul 2019,Teman
137,raksaka,,5.0,Jun 2019,Teman
137,Chris,,5.0,Mei 2019,Keluarga
138,Pasya,Pekanbaru,4.0,Apr 2019,Keluarga
138,Forza,Padang,4.0,Apr 2018,
138,Anida_Krisstini,Padang,3.0,Sep 2016,Teman
138,Waskito T,Johor Bahru,5.0,Mar 2016,
138,shafarul i,Bukittinggi,4.0,Mei 2015,Teman
138,dendirahmat,Padang Panjang,4.0,Mei 2015,Teman
138,Jacques V,Antwerpen,5.0,Nov 2019,
138,TipsOfConcierge,Manila,5.0,Sep 2017,Pasangan
138,Elisse,,4.0,Nov 2016,Teman
138,ASukadis,Jakarta,5.0,Des 2015,Keluarga
139,Lisbet_310183,Depok,4.0,Okt 2018,Sendiri
139,Antohokkeh,,4.0,Sep 2018,Sendiri
139,Syifa F,,1.0,Sep 2018,Keluarga
139,Excursion710027,,3.0,Mei 2017,Sendiri
139,Meyer75,Jakarta,3.0,Mar 2017,Teman
139,Junidarmanto,Tangerang Selatan,4.0,Jul 2016,Sendiri
139,Y. Tri Herwanto,Jakarta,4.0,Sep 2016,Teman
139,huzaifi,Tangerang Selatan,3.0,Jul 2016,Bisnis
139,hendra,Palembang,3.0,Jul 2016,
139,Basri Adhi,Bogor,4.0,Jul 2016,Keluarga
140,anak rantau,Banda Aceh,5.0,Mei 2019,Keluarga
140,Kermit Y,,5.0,Des 2016,Teman
140,Fasta'Iza N,,5.0,Jul 2016,Teman
141,Vivyanti,,5.0,Sep 2014,Teman
142,nina hasyim,,1.0,Nov 2020,Sendiri
142,Sefanya travel,Padang,5.0,Nov 2019,Keluarga
142,Andri,,1.0,Apr 2019,Bisnis
142,Racohel,Bellingen,2.0,Feb 2018,
142,Kathleen C,,5.0,Des 2017,Teman
143,Sefanya travel,Padang,5.0,Jul 2019,Sendiri
144,anak rantau,Banda Aceh,5.0,Mei 2019,Keluarga
144,Kermit Y,,4.0,Jan 2017,Teman
144,mia permata,Jakarta,3.0,Jun 2018,Teman
144,Fasta'Iza N,,5.0,Okt 2016,Sendiri
145,PoetZ,,4.0,Agt 2016,
146,irwan idris,Bukittinggi,3.0,Sep 2016,Keluarga
146,Satrio B,,5.0,Mei 2016,Keluarga
146,BangkokLoft,Yeovil,3.0,Agt 2018,Pasangan
146,zarikh z,,3.0,Feb 2017,Teman
146,David o,,4.0,Des 2016,Keluarga
146,Fasta'Iza N,,5.0,Okt 2016,Bisnis
147,Rini,,5.0,Des 2019,
147,Nanny V,,4.0,Agt 2017,Teman
147,Sylvie D,,5.0,Agt 2019,
147,DamienLienART,,5.0,Agt 2019,Keluarga
147,Marieke R,Arnhem,5.0,Jul 2019,Keluarga
147,Dreamer37651215239,Kuala Lumpur,5.0,Sep 2018,Pasangan
147,ZelManan,,5.0,Feb 2019,Keluarga
147,MONNET S,,5.0,Okt 2018,Keluarga
147,Torgane,,5.0,Mar 2018,Teman
147,claire6,,5.0,Mar 2018,Teman
148,Mike J,,5.0,Jan 2023,Pasangan
148,Margaux M,,5.0,Jul 2019,Keluarga
148,Sarah johns,,5.0,Jul 2019,Teman
149,azah A,,2.0,Agt 2017,Teman
150,70ava,Beijing,5.0,Jun 2023,
151,Nofri delni,,5.0,Nov 2021,Keluarga
151,Tio,,5.0,Nov 2021,Teman
151,Zonel,,5.0,Nov 2021,Pasangan
151,Ghiwen,,5.0,Feb 2021,Pasangan
151,Putra,,5.0,Jun 2021,Keluarga
151,Andre willy,,3.0,Mei 2021,Keluarga
151,Reza Sri Wahyuni,,5.0,Jun 2021,Keluarga
151,Syahju pandrizal,,5.0,Jul 2020,Keluarga
151,Raif,,5.0,Jun 2021,Pasangan
151,Arie Elang Lembah,,5.0,Agt 2020,Keluarga
152,Travel771124,Payakumbuh,4.0,Mei 2018,
152,David N,,5.0,Nov 2017,Pasangan
152,kahfi f,,5.0,Mei 2017,Bisnis
152,goodgrief1960,Bridgwater,5.0,Feb 2016,Pasangan
152,TessaB01,,5.0,Okt 2016,Teman
153,Akiko N,,5.0,Des 2021,Sendiri
153,Antohokkeh,,4.0,Sep 2018,Bisnis
153,ritha s,,5.0,Okt 2017,Teman
153,louisemr17,Jakarta,4.0,Okt 2017,Teman
153,wisnu f,,5.0,Okt 2017,Bisnis
153,ojie l,,5.0,Jul 2016,
153,farta p,,5.0,Mar 2017,Sendiri
153,Indah P,,4.0,Jan 2017,Keluarga
153,Yuliza D,,5.0,Mar 2017,Teman
153,indraamir,Jakarta,4.0,Apr 2016,Teman
154,Seon,Namyangju,5.0,,
154,uta_germany,,5.0,Mei 2019,Sendiri
154,Wahyu Bajok,,5.0,Mei 2019,Sendiri
154,Nicholas,Padang,5.0,Sep 2019,
155,Naim G,,5.0,Mar 2022,Keluarga
155,Shamimi23,Singapura,5.0,Des 2019,Keluarga
155,Shamimi,,5.0,Des 2019,Keluarga
155,LeendaKrill,Cyberjaya,5.0,Okt 2019,Teman
155,Azura I,,5.0,Okt 2019,Teman
155,SitiMusa,Australia Barat,5.0,Sep 2019,Keluarga
155,Hana,Pulau Penang,5.0,Agt 2019,Pasangan
155,Vijay S,,4.0,Agt 2019,Keluarga
155,Kai Qian,,5.0,Agt 2019,Sendiri
155,Rita W,,4.0,Agt 2019,Pasangan
156,Elizamurray92,,5.0,Feb 2020,
156,Coal Coast Movement,Thirroul,5.0,Apr 2020,
157,Hatikasih,,4.0,Des 2013,Sendiri
158,Easy Holiday Tour Travel Management,Bukittinggi,5.0,Jun 2022,Bisnis
158,Rahayu F,,5.0,Jun 2022,Sendiri
158,Catherine Gallo,,5.0,Feb 2020,Pasangan
158,Reka,,5.0,Jul 2019,Sendiri
158,Monica A,,5.0,Feb 2020,Sendiri
159,Claris Lee W,,5.0,,
160,Sella Chalia,,5.0,Okt 2018,
161,Janelle O,,5.0,Jan 2023,Sendiri
162,nikki088,Thirroul,5.0,Mar 2019,
163,roby,,4.0,Jan 2019,Keluarga
163,Valiant Vemby,Bukittinggi,3.0,Apr 2019,Keluarga
163,Forza,Padang,3.0,Okt 2018,Teman
163,hkrishna2014,Padang,3.0,Des 2018,Teman
164,Fauziah Ibrahim,Kuala Lumpur,5.0,Mar 2020,Teman
165,Naufal,Padang,5.0,Jul 2019,Teman
166,imam,,5.0,Mar 2022,Teman
167,Reily S,,2.0,Okt 2018,Teman
