record_id,user_id
ydw2ggvm,maltemller
zx3gqr5z,PenPerson
z1qg9gry,Wilbo__
z0jxp18y,Eold
zp1l48gz,maltemller
y966jory,PenPerson
m7539n0z,qv2b
z51pp1nm,deathwingua
m3qno96y,iNSM
y80g51xm,jorikgrozniy
y8d3k2dz,maddavid123
zq1r359m,SpeedyQ
y4o2j5dz,FiR3_47
y218ew6z,iNSM
1zxw04qm,deathwingua
pyd27kqm,Maxxuss
y813g51z,maltemller
8yvd6poy,deathwingua
yolpo91y,ferret_irl
y2pv5g5z,mirskiy
yw306lnm,Dirtch
me3o8qqz,PenPerson
y8edkvwy,owerfloww
yj5r7r7m,eljest
znjqvolm,PenPerson
pm3p7o6z,Corkysek
pzg5g8ey,vladix123
y97qrqnm,xZempty_
yo6wr8dy,VehicleRonald
z1xrk69m,owerfloww
z5o3q3jy,Moonstruck
emk6525z,vladix123
nz17rggz,hoboken
yoddg35m,ArkanLite
z0o48l9z,Eold
nz17rn9z,vladix123
yleonlkz,hoboken
zxoqrpez,timurkazz
y47d7rqy,KomyDaTb
9mr51k4y,vladix123
oy2o7qwm,JonatanDevil
m37e0d4z,VehicleRonald
y2d0r1jz,iNSM
y2d70rjz,notabigbagofpotatoes
mr7ev07z,Juest
zg2p5ony,Wilbo__
me7grw3y,PenPerson
m3g06jqz,qv2b
y95867vz,Lyren
y9xekjry,Dirtch
ywpl290z,eljest
y895g45m,eljest
zx4exp5y,eljest
zxn8368m,PenPerson
nz17r1jz,vladix123
y483292m,VehicleRonald
